image_name,bbox_x,bbox_y,bbox_width,bbox_height
frame_0.jpg,535.48,369.25,170.83,151.12
frame_0.jpg,0.0,0.0,44.89,93.29
frame_0.jpg,0.0,215.94,82.12,133.6
frame_0.jpg,0.0,99.64,147.83,118.49
frame_0.jpg,62.41,1.31,144.55,111.69
frame_0.jpg,226.67,5.47,148.93,98.77
frame_0.jpg,176.3,97.67,146.74,122.65
frame_0.jpg,123.74,224.7,175.2,135.79
frame_0.jpg,22.99,347.35,208.06,170.82
frame_0.jpg,0.0,529.13,117.17,194.92
frame_0.jpg,0.0,774.42,255.14,197.11
frame_0.jpg,108.4,540.08,232.16,179.59
frame_0.jpg,246.38,367.06,199.3,173.04
frame_0.jpg,333.99,218.13,148.92,129.22
frame_0.jpg,382.17,97.67,148.93,124.84
frame_0.jpg,423.78,12.26,116.08,94.17
frame_0.jpg,669.07,18.83,107.32,105.12
frame_0.jpg,612.13,106.43,124.84,120.46
frame_0.jpg,574.9,250.98,146.74,118.27
frame_0.jpg,1536.58,796.32,260.62,199.3
frame_0.jpg,1505.7,601.4,186.16,183.97
frame_0.jpg,1455.32,443.71,181.78,151.12
frame_0.jpg,1418.09,294.78,164.26,142.36
frame_0.jpg,1398.38,159.0,133.6,122.64
frame_0.jpg,1356.77,31.97,127.03,111.7
frame_0.jpg,1199.08,27.59,113.89,111.7
frame_0.jpg,1214.41,169.95,127.03,129.21
frame_0.jpg,1205.65,270.69,155.5,142.36
frame_0.jpg,1229.74,404.29,159.88,142.36
frame_0.jpg,1231.93,564.17,173.02,175.21
frame_0.jpg,1240.69,780.99,192.73,186.16
frame_0.jpg,980.07,785.37,179.59,192.73
frame_0.jpg,1030.44,561.76,166.45,173.24
frame_0.jpg,1019.49,424.0,142.36,148.93
frame_0.jpg,1028.25,268.5,142.36,146.74
frame_0.jpg,1026.06,143.67,129.22,131.4
frame_0.jpg,1034.82,21.02,102.94,111.69
frame_0.jpg,866.18,25.4,102.94,111.7
frame_0.jpg,833.33,139.29,124.84,127.02
frame_0.jpg,798.29,242.22,142.36,144.55
frame_0.jpg,780.77,382.39,144.55,153.31
frame_0.jpg,723.83,566.36,177.4,179.59
frame_0.jpg,682.21,765.66,177.4,192.73
frame_0.jpg,364.65,761.06,219.01,208.28
frame_0.jpg,491.67,553.22,181.78,175.21
frame_1020.jpg,1614.25,140.77,142.47,126.64
frame_1020.jpg,1714.51,24.68,153.03,114.33
frame_1020.jpg,1881.61,31.54,38.39,107.47
frame_1020.jpg,1670.53,262.14,158.31,147.75
frame_1020.jpg,1849.95,267.24,70.05,137.37
frame_1020.jpg,1710.99,416.93,204.04,158.3
frame_1020.jpg,1790.14,566.26,129.86,167.28
frame_1020.jpg,1827.08,791.41,92.92,188.38
frame_1020.jpg,1791.9,168.91,128.1,121.37
frame_1020.jpg,0.0,15.88,144.11,114.51
frame_1020.jpg,0.0,105.59,66.72,123.3
frame_1020.jpg,0.0,584.03,91.34,181.34
frame_1020.jpg,0.0,392.3,174.01,158.48
frame_1020.jpg,57.92,260.55,189.97,135.44
frame_1020.jpg,135.32,121.6,145.99,123.12
frame_1020.jpg,203.92,14.3,149.51,117.85
frame_1020.jpg,416.75,1.99,140.72,112.57
frame_1020.jpg,376.29,116.32,138.96,124.89
frame_1020.jpg,283.07,239.45,170.62,133.68
frame_1020.jpg,233.82,380.16,175.89,146.0
frame_1020.jpg,145.69,566.44,216.53,172.55
frame_1020.jpg,13.95,786.48,267.36,200.52
frame_1020.jpg,349.91,749.54,225.15,200.53
frame_1020.jpg,506.46,520.88,156.54,167.1
frame_1020.jpg,531.08,362.57,145.99,142.48
frame_1020.jpg,550.43,227.13,138.96,126.65
frame_1020.jpg,573.3,102.25,131.92,117.85
frame_1020.jpg,613.75,10.78,109.06,102.02
frame_1020.jpg,775.58,9.02,110.81,100.26
frame_1020.jpg,775.58,107.52,107.29,114.34
frame_1020.jpg,787.89,234.17,119.61,124.89
frame_1020.jpg,735.12,348.5,179.41,170.62
frame_1020.jpg,694.66,526.16,175.9,168.86
frame_1020.jpg,643.48,765.2,190.14,183.11
frame_1020.jpg,940.92,774.17,181.17,188.21
frame_1020.jpg,928.61,541.99,167.1,179.41
frame_1020.jpg,963.79,367.85,174.13,168.86
frame_1020.jpg,981.37,218.34,121.37,133.68
frame_1020.jpg,972.58,96.97,126.64,124.89
frame_1020.jpg,965.54,9.02,105.54,109.06
frame_1020.jpg,1194.21,12.54,119.61,102.02
frame_1020.jpg,1192.45,109.28,121.37,123.13
frame_1020.jpg,1218.83,248.24,138.96,131.92
frame_1020.jpg,1248.74,371.37,154.78,151.27
frame_1020.jpg,1285.67,552.54,189.97,170.62
frame_1020.jpg,1274.94,761.68,204.22,191.9
frame_1020.jpg,1549.52,758.34,248.01,200.52
frame_1020.jpg,1517.86,564.85,198.76,181.18
frame_1020.jpg,1477.4,387.02,165.34,149.69
frame_1020.jpg,1443.98,242.79,133.68,144.41
frame_1020.jpg,1424.63,135.67,131.92,124.88
frame_1020.jpg,1392.97,21.34,124.89,116.09
frame_1020.jpg,1551.28,21.34,140.71,105.53
frame_1080.jpg,1250.5,112.8,119.6,116.09
frame_1080.jpg,1767.63,26.61,151.27,110.82
frame_1080.jpg,1853.82,169.09,66.18,126.64
frame_1080.jpg,1734.21,265.83,165.34,142.48
frame_1080.jpg,1785.22,420.62,134.78,149.51
frame_1080.jpg,1860.85,568.2,59.15,163.75
frame_1080.jpg,1593.49,563.09,204.04,182.94
frame_1080.jpg,1639.22,760.1,251.54,198.76
frame_1080.jpg,1359.55,758.34,214.59,202.28
frame_1080.jpg,1366.59,550.78,193.48,170.62
frame_1080.jpg,1546.0,383.68,179.41,151.27
frame_1080.jpg,1503.79,242.96,144.23,138.96
frame_1080.jpg,1479.16,137.43,140.72,116.09
frame_1080.jpg,1600.53,17.82,145.99,114.33
frame_1080.jpg,1672.64,140.94,144.24,130.17
frame_1080.jpg,1445.74,24.85,130.16,107.3
frame_1080.jpg,1248.74,16.06,119.61,98.5
frame_1080.jpg,1283.92,250.0,142.47,130.16
frame_1080.jpg,1315.58,374.89,160.06,145.99
frame_1080.jpg,1037.66,774.17,177.66,197.0
frame_1080.jpg,1006.0,545.5,170.62,170.62
frame_1080.jpg,1034.14,367.85,175.9,165.34
frame_1080.jpg,1039.42,223.62,131.92,130.16
frame_1080.jpg,1025.35,100.49,128.4,123.13
frame_1080.jpg,1020.07,10.78,103.78,103.78
frame_1080.jpg,828.35,9.02,114.33,102.02
frame_1080.jpg,831.86,104.01,109.06,112.57
frame_1080.jpg,852.97,232.41,119.61,130.16
frame_1080.jpg,812.51,353.78,170.62,163.58
frame_1080.jpg,777.34,527.92,168.86,174.13
frame_1080.jpg,740.4,761.86,181.17,193.48
frame_1080.jpg,450.17,747.79,211.07,204.03
frame_1080.jpg,112.45,790.0,256.81,198.76
frame_1080.jpg,585.61,519.12,160.06,167.1
frame_1080.jpg,604.96,362.57,138.96,146.0
frame_1080.jpg,615.51,225.37,135.44,123.13
frame_1080.jpg,636.62,105.77,124.88,114.33
frame_1080.jpg,671.8,7.26,110.81,105.54
frame_1080.jpg,467.76,0.23,144.23,117.85
frame_1080.jpg,439.62,119.84,133.68,124.88
frame_1080.jpg,355.19,242.96,167.1,142.48
frame_1080.jpg,309.45,380.16,168.86,151.27
frame_1080.jpg,233.82,566.61,202.28,168.86
frame_1080.jpg,0.0,569.95,179.29,186.63
frame_1080.jpg,0.0,781.03,42.09,105.71
frame_1080.jpg,41.92,397.58,214.76,156.72
frame_1080.jpg,131.8,260.55,181.17,138.96
frame_1080.jpg,193.36,125.11,153.03,117.85
frame_1080.jpg,260.03,15.88,149.68,112.75
frame_1080.jpg,38.4,16.06,158.48,114.33
frame_1080.jpg,0.0,107.35,117.73,128.58
frame_1080.jpg,0.0,218.34,66.72,130.16
frame_1140.jpg,311.21,16.06,144.24,116.09
frame_1140.jpg,520.53,7.09,131.92,103.95
frame_1140.jpg,488.87,114.56,135.44,135.44
frame_1140.jpg,413.23,246.48,158.31,128.41
frame_1140.jpg,372.78,381.92,165.34,146.0
frame_1140.jpg,307.69,570.13,200.52,163.58
frame_1140.jpg,196.88,784.72,244.49,207.56
frame_1140.jpg,534.6,749.54,204.04,195.25
frame_1140.jpg,657.73,527.92,153.03,161.82
frame_1140.jpg,664.76,360.81,137.2,147.76
frame_1140.jpg,670.04,227.13,135.44,128.41
frame_1140.jpg,684.11,109.28,126.65,110.82
frame_1140.jpg,714.01,14.3,105.54,102.02
frame_1140.jpg,877.6,7.26,110.81,109.06
frame_1140.jpg,881.11,111.04,112.58,110.82
frame_1140.jpg,1788.74,265.83,131.26,142.48
frame_1140.jpg,1723.65,139.19,147.76,133.68
frame_1140.jpg,1815.12,24.85,104.88,112.58
frame_1140.jpg,1899.55,193.71,20.45,68.6
frame_1140.jpg,1487.95,23.09,130.17,107.3
frame_1140.jpg,1648.02,19.58,145.99,109.05
frame_1140.jpg,1531.93,137.43,138.96,124.88
frame_1140.jpg,1558.31,241.21,146.0,145.99
frame_1140.jpg,1605.8,383.68,182.94,154.79
frame_1140.jpg,1429.91,557.82,197.0,165.34
frame_1140.jpg,1431.67,760.1,226.9,195.24
frame_1140.jpg,1111.54,770.65,184.69,202.28
frame_1140.jpg,823.07,763.62,172.38,193.48
frame_1140.jpg,1083.39,540.23,160.07,168.86
frame_1140.jpg,1380.66,371.37,161.82,151.27
frame_1140.jpg,1338.44,246.48,146.0,130.16
frame_1140.jpg,911.02,234.17,117.85,128.4
frame_1140.jpg,1296.23,112.8,124.88,117.85
frame_1140.jpg,0.0,768.72,101.9,195.42
frame_1140.jpg,1290.95,16.06,126.65,94.98
frame_1140.jpg,1065.8,12.54,103.78,103.78
frame_1140.jpg,1081.64,100.49,117.85,117.85
frame_1140.jpg,1093.95,223.62,128.4,128.4
frame_1140.jpg,1097.47,369.61,170.61,161.82
frame_1140.jpg,867.04,350.26,174.14,168.86
frame_1140.jpg,844.18,526.16,161.82,170.62
frame_1140.jpg,1707.65,759.92,212.35,193.66
frame_1140.jpg,84.13,15.88,163.76,121.55
frame_1140.jpg,13.95,109.28,156.55,123.13
frame_1140.jpg,0.0,216.58,112.45,131.92
frame_1140.jpg,0.0,415.17,35.06,81.08
frame_1140.jpg,1656.81,566.61,211.08,174.14
frame_1140.jpg,1843.26,415.34,76.74,147.75
frame_1140.jpg,0.0,17.82,36.81,100.26
frame_1140.jpg,5.15,570.13,239.22,181.17
frame_1140.jpg,105.41,395.99,207.56,154.79
frame_1140.jpg,188.08,260.55,177.66,137.2
frame_1140.jpg,247.89,128.63,142.47,117.85
frame_120.jpg,42.09,352.02,205.8,165.34
frame_120.jpg,1563.41,789.82,264.02,205.98
frame_120.jpg,1524.89,596.51,198.76,189.97
frame_120.jpg,1482.5,439.79,176.07,160.24
frame_120.jpg,1433.43,299.25,174.13,140.72
frame_120.jpg,1417.6,158.53,135.44,123.13
frame_120.jpg,1377.14,33.65,126.65,109.05
frame_120.jpg,1215.32,26.61,116.09,109.06
frame_120.jpg,1231.15,167.33,124.88,128.4
frame_120.jpg,1225.87,269.35,151.27,140.72
frame_120.jpg,1246.98,401.27,167.1,147.75
frame_120.jpg,1254.01,566.61,175.9,174.14
frame_120.jpg,1266.33,781.21,198.76,189.96
frame_120.jpg,1002.48,784.72,182.93,189.97
frame_120.jpg,1062.29,566.61,163.58,163.59
frame_120.jpg,1042.94,424.14,135.44,145.99
frame_120.jpg,1048.21,264.07,140.72,146.0
frame_120.jpg,1044.7,142.7,130.16,131.93
frame_120.jpg,1053.49,24.85,103.78,102.02
frame_120.jpg,882.87,26.61,102.02,109.06
frame_120.jpg,849.45,139.19,126.65,121.36
frame_120.jpg,824.83,250.0,131.92,131.92
frame_120.jpg,803.72,383.68,142.48,149.51
frame_120.jpg,749.19,568.37,175.9,177.66
frame_120.jpg,714.01,761.86,172.38,191.72
frame_120.jpg,388.61,760.1,214.59,198.76
frame_120.jpg,520.53,556.06,175.89,168.86
frame_120.jpg,560.98,371.37,165.35,149.51
frame_120.jpg,594.4,251.76,140.72,121.37
frame_120.jpg,627.82,107.52,124.89,116.1
frame_120.jpg,685.87,16.06,103.78,103.78
frame_120.jpg,439.62,9.02,124.88,96.75
frame_120.jpg,397.4,102.25,149.51,117.85
frame_120.jpg,351.67,220.1,145.99,123.12
frame_120.jpg,263.72,364.33,200.52,170.62
frame_120.jpg,133.56,536.71,230.42,181.17
frame_120.jpg,19.22,777.69,258.57,195.24
frame_120.jpg,0.0,524.4,142.35,170.62
frame_120.jpg,0.0,374.71,26.26,86.36
frame_120.jpg,0.0,218.34,93.1,133.68
frame_120.jpg,140.59,218.34,175.9,135.44
frame_120.jpg,195.12,100.49,145.99,123.13
frame_120.jpg,247.71,0.0,142.65,105.77
frame_120.jpg,77.09,3.75,149.69,116.09
frame_120.jpg,0.0,100.49,163.46,116.09
frame_120.jpg,0.0,3.57,54.4,100.44
frame_1200.jpg,757.99,10.78,105.53,98.5
frame_1200.jpg,562.74,0.0,131.92,118.08
frame_1200.jpg,534.6,119.84,133.68,126.64
frame_1200.jpg,722.81,227.13,128.4,126.65
frame_1200.jpg,462.48,242.96,160.07,138.96
frame_1200.jpg,430.82,380.16,160.07,149.51
frame_1200.jpg,372.78,568.37,191.72,167.1
frame_1200.jpg,276.03,788.24,237.46,198.76
frame_1200.jpg,0.0,765.37,175.77,197.01
frame_1200.jpg,733.36,105.77,121.37,117.85
frame_1200.jpg,71.99,571.89,232.19,177.65
frame_1200.jpg,161.7,392.48,207.56,158.3
frame_1200.jpg,244.37,258.79,174.14,137.2
frame_1200.jpg,298.9,121.6,137.2,121.36
frame_1200.jpg,355.19,17.82,140.71,112.57
frame_1200.jpg,124.76,17.82,165.34,119.61
frame_1200.jpg,66.72,111.04,147.75,114.33
frame_1200.jpg,0.0,218.34,168.74,137.2
frame_1200.jpg,0.0,358.88,93.1,167.28
frame_1200.jpg,0.0,119.66,50.89,107.47
frame_1200.jpg,0.0,24.7,77.27,102.17
frame_1200.jpg,1429.91,373.13,167.1,145.99
frame_1200.jpg,1385.93,251.76,151.28,126.64
frame_1200.jpg,1341.96,107.52,126.65,119.61
frame_1200.jpg,1333.17,14.3,124.88,98.5
frame_1200.jpg,1776.42,761.86,143.58,193.48
frame_1200.jpg,1718.38,566.61,201.62,175.9
frame_1200.jpg,1892.51,434.69,27.49,93.23
frame_1200.jpg,1841.5,262.31,78.5,142.48
frame_1200.jpg,1769.39,139.19,145.99,131.92
frame_1200.jpg,1852.06,24.85,67.94,109.06
frame_1200.jpg,1686.72,17.82,151.27,107.29
frame_1200.jpg,1528.41,23.09,140.72,110.82
frame_1200.jpg,1575.9,140.94,142.48,110.82
frame_1200.jpg,1605.8,244.72,154.79,140.72
frame_1200.jpg,1656.81,387.2,188.21,147.75
frame_1200.jpg,1489.71,556.06,202.28,161.82
frame_1200.jpg,1500.27,763.62,232.18,189.96
frame_1200.jpg,1183.65,772.41,189.97,189.97
frame_1200.jpg,1143.2,540.23,165.34,175.89
frame_1200.jpg,1153.75,364.33,172.38,172.38
frame_1200.jpg,1144.96,220.1,131.92,130.16
frame_1200.jpg,1125.61,102.25,117.85,121.37
frame_1200.jpg,1106.26,12.54,107.3,102.02
frame_1200.jpg,919.81,9.02,110.82,102.02
frame_1200.jpg,926.85,107.52,110.81,114.34
frame_1200.jpg,962.03,232.41,121.36,131.92
frame_1200.jpg,923.33,352.02,174.14,167.1
frame_1200.jpg,911.02,526.16,160.06,168.86
frame_1200.jpg,896.94,763.62,170.62,195.24
frame_1200.jpg,604.96,749.54,197.0,195.25
frame_1200.jpg,721.05,520.88,153.03,165.34
frame_1200.jpg,722.81,362.57,135.44,144.24
frame_1260.jpg,1220.59,363.98,174.14,172.38
frame_1260.jpg,1218.83,543.39,167.1,172.38
frame_1260.jpg,1262.81,770.3,204.04,191.73
frame_1260.jpg,1586.46,759.75,235.7,189.96
frame_1260.jpg,1558.31,555.71,221.63,170.62
frame_1260.jpg,1496.75,372.78,174.14,149.51
frame_1260.jpg,1443.98,247.89,161.82,126.64
frame_1260.jpg,1394.73,108.93,137.2,121.37
frame_1260.jpg,1382.42,13.95,131.92,103.78
frame_1260.jpg,1635.71,137.07,145.99,117.86
frame_1260.jpg,1581.18,20.98,138.96,114.34
frame_1260.jpg,1735.97,17.47,154.79,109.05
frame_1260.jpg,1901.31,43.85,18.69,65.08
frame_1260.jpg,1825.67,140.59,94.33,131.92
frame_1260.jpg,1896.03,284.83,23.97,110.81
frame_1260.jpg,1665.61,237.34,161.82,140.71
frame_1260.jpg,1723.65,381.57,195.25,149.51
frame_1260.jpg,1795.77,566.26,124.23,175.9
frame_1260.jpg,1855.58,763.62,64.42,170.61
frame_1260.jpg,130.04,112.8,138.96,119.61
frame_1260.jpg,56.16,223.62,165.34,133.68
frame_1260.jpg,0.0,359.06,163.46,181.17
frame_1260.jpg,0.0,584.2,40.33,128.41
frame_1260.jpg,0.0,292.04,13.95,51.18
frame_1260.jpg,0.0,112.63,103.65,135.61
frame_1260.jpg,0.0,21.34,128.28,102.02
frame_1260.jpg,186.33,21.34,156.54,114.33
frame_1260.jpg,411.47,16.06,140.72,117.85
frame_1260.jpg,360.46,125.11,137.2,119.61
frame_1260.jpg,312.97,257.04,167.1,142.47
frame_1260.jpg,237.34,392.48,202.28,161.82
frame_1260.jpg,154.66,571.89,226.91,177.65
frame_1260.jpg,6.74,768.72,253.46,191.9
frame_1260.jpg,371.02,791.76,223.38,195.24
frame_1260.jpg,453.69,570.13,186.45,165.34
frame_1260.jpg,506.46,381.92,149.51,147.75
frame_1260.jpg,527.56,246.48,158.31,133.68
frame_1260.jpg,592.64,121.6,137.2,123.12
frame_1260.jpg,615.51,0.05,128.41,123.31
frame_1260.jpg,810.76,12.54,102.02,93.23
frame_1260.jpg,791.41,104.01,116.09,114.33
frame_1260.jpg,787.89,225.37,128.4,128.41
frame_1260.jpg,796.68,359.06,133.68,147.75
frame_1260.jpg,793.17,522.64,156.54,168.86
frame_1260.jpg,699.94,747.79,188.21,195.24
frame_1260.jpg,981.37,760.1,179.42,197.0
frame_1260.jpg,988.41,524.4,158.31,174.13
frame_1260.jpg,991.93,352.02,170.62,168.86
frame_1260.jpg,1021.83,230.65,123.13,130.16
frame_1260.jpg,981.37,107.52,110.82,114.34
frame_1260.jpg,970.82,5.5,107.3,105.54
frame_1260.jpg,1157.27,12.19,107.3,105.54
frame_1260.jpg,1181.9,101.9,121.36,117.85
frame_1260.jpg,1204.76,219.75,138.96,133.68
frame_1320.jpg,1855.58,566.61,64.42,167.1
frame_1320.jpg,1776.42,381.92,143.58,149.51
frame_1320.jpg,1713.1,234.17,163.58,149.51
frame_1320.jpg,1873.17,140.94,46.83,123.13
frame_1320.jpg,1776.42,19.58,143.58,105.53
frame_1320.jpg,1621.64,24.85,137.19,107.3
frame_1320.jpg,1676.16,135.67,151.27,119.61
frame_1320.jpg,1424.63,16.06,131.92,103.78
frame_1320.jpg,1435.19,111.04,142.47,116.09
frame_1320.jpg,1494.99,250.0,158.31,128.4
frame_1320.jpg,1553.04,373.13,174.13,145.99
frame_1320.jpg,1619.88,556.06,219.87,167.1
frame_1320.jpg,1646.26,760.1,253.29,193.48
frame_1320.jpg,1327.89,768.89,214.59,195.25
frame_1320.jpg,1283.92,541.99,160.06,174.13
frame_1320.jpg,1276.88,364.33,175.9,165.34
frame_1320.jpg,1248.74,221.86,142.47,124.88
frame_1320.jpg,1229.39,98.73,121.37,123.13
frame_1320.jpg,1199.49,12.54,110.81,100.26
frame_1320.jpg,1014.79,5.5,107.3,109.06
frame_1320.jpg,1027.11,107.52,117.85,116.1
frame_1320.jpg,1074.6,228.89,124.89,131.92
frame_1320.jpg,1046.46,353.78,174.13,163.58
frame_1320.jpg,1053.49,524.4,154.79,168.86
frame_1320.jpg,1057.01,765.37,177.65,189.97
frame_1320.jpg,775.58,749.54,179.41,198.77
frame_1320.jpg,852.97,522.64,160.07,165.34
frame_1320.jpg,847.69,362.57,137.2,146.0
frame_1320.jpg,838.9,223.62,123.13,130.16
frame_1320.jpg,835.38,105.77,119.61,112.57
frame_1320.jpg,858.25,10.78,93.22,94.99
frame_1320.jpg,655.97,0.0,130.16,121.6
frame_1320.jpg,640.14,125.11,133.68,124.89
frame_1320.jpg,580.33,248.24,154.79,133.68
frame_1320.jpg,560.98,381.92,147.76,146.0
frame_1320.jpg,520.53,568.37,177.65,165.34
frame_1320.jpg,448.41,793.52,216.35,193.48
frame_1320.jpg,79.03,767.13,248.01,195.25
frame_1320.jpg,221.5,570.13,219.87,182.93
frame_1320.jpg,298.9,395.99,191.73,156.55
frame_1320.jpg,365.74,264.07,167.1,135.44
frame_1320.jpg,407.95,121.6,130.17,119.61
frame_1320.jpg,455.45,17.82,133.68,109.05
frame_1320.jpg,226.78,19.58,158.31,112.57
frame_1320.jpg,175.77,112.8,146.0,123.13
frame_1320.jpg,107.17,218.34,167.1,133.68
frame_1320.jpg,5.15,357.3,211.08,174.13
frame_1320.jpg,0.0,577.17,96.62,165.34
frame_1320.jpg,0.0,253.34,61.44,132.1
frame_1320.jpg,0.0,112.8,154.66,131.92
frame_1320.jpg,26.26,24.85,140.72,103.78
frame_1380.jpg,1720.14,758.34,199.86,198.76
frame_1380.jpg,1686.72,556.06,225.14,168.86
frame_1380.jpg,1832.71,385.44,87.29,144.23
frame_1380.jpg,1609.32,371.37,179.42,147.75
frame_1380.jpg,1769.39,235.93,150.61,144.23
frame_1380.jpg,1725.41,139.19,153.03,114.33
frame_1380.jpg,1820.4,16.06,99.6,110.81
frame_1380.jpg,1663.85,19.58,149.51,112.57
frame_1380.jpg,1468.61,14.3,138.95,102.02
frame_1380.jpg,1486.2,109.28,144.23,121.37
frame_1380.jpg,1544.24,246.48,168.86,131.92
frame_1380.jpg,1401.77,775.93,221.62,191.72
frame_1380.jpg,1347.24,541.99,168.86,177.65
frame_1380.jpg,1336.68,366.09,177.66,172.38
frame_1380.jpg,1305.02,220.1,146.0,130.16
frame_1380.jpg,1280.4,100.49,119.61,123.13
frame_1380.jpg,1239.94,9.02,116.09,109.06
frame_1380.jpg,1058.77,7.26,109.05,105.54
frame_1380.jpg,1076.36,105.77,117.85,117.85
frame_1380.jpg,1127.37,232.41,126.64,130.16
frame_1380.jpg,1106.26,353.78,174.14,172.38
frame_1380.jpg,1120.33,527.92,156.55,163.58
frame_1380.jpg,1129.13,763.62,188.21,195.24
frame_1380.jpg,856.49,747.79,174.14,198.76
frame_1380.jpg,921.57,520.88,163.58,168.86
frame_1380.jpg,907.5,359.06,140.71,151.27
frame_1380.jpg,891.67,223.62,123.12,128.4
frame_1380.jpg,886.39,105.77,114.33,117.85
frame_1380.jpg,900.46,9.02,98.5,96.75
frame_1380.jpg,705.22,3.75,130.16,114.33
frame_1380.jpg,689.39,121.6,135.44,126.64
frame_1380.jpg,640.14,250.0,147.75,126.64
frame_1380.jpg,624.31,378.4,144.23,147.76
frame_1380.jpg,594.4,568.37,170.62,167.1
frame_1380.jpg,527.56,790.0,209.32,198.76
frame_1380.jpg,159.94,767.13,239.22,193.49
frame_1380.jpg,293.62,573.65,214.59,172.38
frame_1380.jpg,365.74,397.75,186.45,153.03
frame_1380.jpg,422.03,265.83,161.82,130.16
frame_1380.jpg,457.21,125.11,133.68,119.61
frame_1380.jpg,499.42,21.34,133.68,110.81
frame_1380.jpg,272.51,21.34,154.79,114.33
frame_1380.jpg,228.54,114.56,137.2,116.09
frame_1380.jpg,165.22,223.62,163.58,131.92
frame_1380.jpg,70.23,360.81,202.28,175.9
frame_1380.jpg,0.0,575.41,166.98,170.62
frame_1380.jpg,0.0,821.66,26.26,52.77
frame_1380.jpg,0.0,409.89,26.26,77.57
frame_1380.jpg,0.0,250.0,117.73,135.44
frame_1380.jpg,20.98,112.8,179.42,131.92
frame_1380.jpg,75.51,24.85,140.72,109.06
frame_1380.jpg,0.0,49.48,49.13,96.74
frame_1440.jpg,1774.66,760.1,145.34,184.69
frame_1440.jpg,1732.45,556.06,187.55,165.34
frame_1440.jpg,1876.68,385.44,43.32,145.99
frame_1440.jpg,1808.08,235.93,111.92,140.71
frame_1440.jpg,1764.11,137.43,155.89,124.88
frame_1440.jpg,1855.58,19.58,64.42,107.29
frame_1440.jpg,1699.03,24.85,149.51,107.3
frame_1440.jpg,1502.03,16.06,138.95,102.02
frame_1440.jpg,1523.13,112.8,146.0,114.33
frame_1440.jpg,1588.21,250.0,168.86,128.4
frame_1440.jpg,1651.54,371.4,188.21,145.96
frame_1440.jpg,1454.53,772.41,230.43,191.73
frame_1440.jpg,1394.73,541.99,175.9,175.89
frame_1440.jpg,1380.66,366.09,179.41,170.62
frame_1440.jpg,1340.2,221.86,151.27,128.4
frame_1440.jpg,1315.58,102.25,121.36,119.61
frame_1440.jpg,1275.12,12.54,114.33,100.26
frame_1440.jpg,1097.47,7.26,105.53,105.54
frame_1440.jpg,1113.3,104.01,123.12,116.09
frame_1440.jpg,1164.31,228.89,135.44,131.92
frame_1440.jpg,956.75,362.57,138.96,144.24
frame_1440.jpg,935.64,221.86,121.37,131.92
frame_1440.jpg,925.09,105.77,112.57,116.09
frame_1440.jpg,935.64,14.3,100.26,93.22
frame_1440.jpg,738.64,0.0,128.4,125.11
frame_1440.jpg,728.08,121.6,131.93,124.88
frame_1440.jpg,682.35,248.24,147.75,130.16
frame_1440.jpg,673.56,381.92,138.95,149.51
frame_1440.jpg,652.45,568.37,160.06,165.34
frame_1440.jpg,592.64,791.76,202.29,191.73
frame_1440.jpg,225.02,765.37,228.67,197.01
frame_1440.jpg,351.67,571.89,205.8,179.41
frame_1440.jpg,409.71,394.23,186.45,158.31
frame_1440.jpg,467.76,260.55,154.79,138.96
frame_1440.jpg,501.18,126.87,119.61,117.85
frame_1440.jpg,538.12,19.58,131.92,112.57
frame_1440.jpg,309.45,21.34,151.27,117.85
frame_1440.jpg,265.48,109.28,135.44,121.37
frame_1440.jpg,210.95,221.86,154.79,133.68
frame_1440.jpg,115.97,364.33,204.04,172.38
frame_1440.jpg,0.0,577.17,216.23,168.86
frame_1440.jpg,0.0,790.0,77.27,177.65
frame_1440.jpg,0.0,385.44,70.23,156.55
frame_1440.jpg,0.0,246.48,154.66,138.96
frame_1440.jpg,0.0,126.87,42.09,116.09
frame_1440.jpg,0.0,44.2,86.07,116.09
frame_1440.jpg,112.45,24.85,135.44,107.3
frame_1440.jpg,63.2,118.08,175.89,124.88
frame_1440.jpg,1148.48,352.02,177.65,168.86
frame_1440.jpg,1171.34,526.16,158.31,170.62
frame_1440.jpg,1185.41,761.86,195.25,195.24
frame_1440.jpg,912.78,749.54,175.89,198.77
frame_1440.jpg,967.3,524.4,167.1,165.34
frame_1500.jpg,1565.35,770.65,239.22,198.76
frame_1500.jpg,1880.2,767.13,39.8,154.79
frame_1500.jpg,1829.19,556.06,90.81,160.06
frame_1500.jpg,1735.97,371.37,184.03,147.75
frame_1500.jpg,1881.96,251.76,38.04,121.37
frame_1500.jpg,1834.47,132.15,85.53,121.37
frame_1500.jpg,1762.35,24.85,156.55,107.3
frame_1500.jpg,1565.35,14.3,145.99,107.3
frame_1500.jpg,1591.73,111.04,151.27,116.09
frame_1500.jpg,1662.09,248.24,177.66,128.4
frame_1500.jpg,1493.23,540.23,181.17,177.65
frame_1500.jpg,1470.36,362.57,181.18,172.38
frame_1500.jpg,1419.36,220.1,158.3,128.4
frame_1500.jpg,1387.69,100.49,124.89,119.61
frame_1500.jpg,1338.44,10.61,123.13,103.95
frame_1500.jpg,1157.27,3.57,119.61,102.2
frame_1500.jpg,1180.14,102.25,128.4,121.37
frame_1500.jpg,1245.22,228.89,137.2,133.68
frame_1500.jpg,1234.66,353.78,182.94,165.34
frame_1500.jpg,1269.84,524.4,165.35,168.86
frame_1500.jpg,1290.95,761.86,207.56,193.48
frame_1500.jpg,1028.87,744.27,181.17,200.52
frame_1500.jpg,1065.8,517.36,168.86,175.9
frame_1500.jpg,1041.18,364.33,145.99,144.24
frame_1500.jpg,1014.79,220.1,124.89,135.44
frame_1500.jpg,1000.72,104.01,110.82,121.36
frame_1500.jpg,1002.48,7.26,100.26,98.51
frame_1500.jpg,807.24,0.05,124.88,121.55
frame_1500.jpg,800.2,121.6,133.68,124.88
frame_1500.jpg,763.26,248.24,144.24,135.44
frame_1500.jpg,766.78,376.64,130.16,149.52
frame_1500.jpg,759.75,564.85,151.27,167.1
frame_1500.jpg,714.01,788.24,189.97,197.0
frame_1500.jpg,344.63,767.13,214.59,188.21
frame_1500.jpg,460.72,571.89,195.25,175.9
frame_1500.jpg,508.21,394.23,174.14,158.31
frame_1500.jpg,555.71,265.83,147.75,135.44
frame_1500.jpg,571.54,126.87,124.88,116.09
frame_1500.jpg,608.48,19.58,126.64,116.09
frame_1500.jpg,379.81,23.09,147.75,116.1
frame_1500.jpg,342.87,116.32,131.92,121.37
frame_1500.jpg,295.38,221.86,147.75,135.44
frame_1500.jpg,207.43,362.57,204.04,174.14
frame_1500.jpg,84.31,577.17,226.9,163.58
frame_1500.jpg,0.0,775.75,193.36,214.77
frame_1500.jpg,0.0,584.2,79.03,168.86
frame_1500.jpg,0.0,394.23,156.42,142.48
frame_1500.jpg,0.0,285.18,13.95,47.49
frame_1500.jpg,0.0,126.87,110.69,128.41
frame_1500.jpg,42.09,246.31,193.49,140.89
frame_1500.jpg,137.07,116.32,175.9,130.16
frame_1500.jpg,186.33,26.61,126.64,107.3
frame_1500.jpg,0.0,38.93,152.91,116.09
frame_1560.jpg,1901.31,587.72,18.69,66.84
frame_1560.jpg,1808.08,369.61,111.92,145.99
frame_1560.jpg,1730.69,248.24,182.93,131.92
frame_1560.jpg,1892.51,149.74,27.49,100.26
frame_1560.jpg,1820.4,23.09,99.6,107.3
frame_1560.jpg,1621.64,12.54,145.99,105.54
frame_1560.jpg,1649.78,109.28,158.3,116.09
frame_1560.jpg,1392.97,7.26,128.4,110.82
frame_1560.jpg,1447.5,104.01,130.16,116.09
frame_1560.jpg,1484.44,220.1,160.06,128.4
frame_1560.jpg,1544.24,360.81,179.41,175.9
frame_1560.jpg,1574.14,536.71,189.97,179.41
frame_1560.jpg,1656.81,770.65,251.54,193.49
frame_1560.jpg,1382.42,761.86,218.11,189.96
frame_1560.jpg,1347.24,520.88,172.38,177.65
frame_1560.jpg,1305.02,346.74,186.45,172.38
frame_1560.jpg,1306.78,230.65,146.0,124.89
frame_1560.jpg,1238.18,102.25,131.92,121.37
frame_1560.jpg,1218.83,5.5,109.06,102.02
frame_1560.jpg,1058.77,9.02,100.26,102.02
frame_1560.jpg,1062.29,105.77,109.05,119.6
frame_1560.jpg,1083.39,221.86,123.13,128.4
frame_1560.jpg,1113.3,360.81,151.27,146.0
frame_1560.jpg,1143.2,522.64,181.17,165.34
frame_1560.jpg,1122.09,747.79,186.45,195.24
frame_1560.jpg,819.55,788.24,181.17,191.73
frame_1560.jpg,847.69,566.61,149.52,165.34
frame_1560.jpg,847.69,381.92,128.41,146.0
frame_1560.jpg,837.14,246.48,137.2,137.2
frame_1560.jpg,863.52,121.6,137.2,126.64
frame_1560.jpg,863.52,0.0,128.41,116.32
frame_1560.jpg,668.28,23.09,121.37,114.34
frame_1560.jpg,640.14,132.15,112.57,112.57
frame_1560.jpg,627.82,264.07,146.0,137.2
frame_1560.jpg,589.13,395.99,165.34,153.03
frame_1560.jpg,548.67,571.89,189.97,179.41
frame_1560.jpg,450.17,763.62,198.76,193.48
frame_1560.jpg,13.95,772.41,269.12,212.83
frame_1560.jpg,0.0,786.31,43.85,147.92
frame_1560.jpg,0.0,576.99,163.46,177.83
frame_1560.jpg,175.77,573.65,218.11,175.89
frame_1560.jpg,284.83,360.81,202.28,175.9
frame_1560.jpg,26.26,392.48,202.28,145.99
frame_1560.jpg,0.0,429.41,22.74,54.53
frame_1560.jpg,0.0,258.79,79.03,128.41
frame_1560.jpg,114.21,246.48,189.97,142.48
frame_1560.jpg,362.22,220.1,147.75,135.44
frame_1560.jpg,406.2,116.32,133.68,110.81
frame_1560.jpg,441.37,23.09,144.24,112.58
frame_1560.jpg,247.89,26.61,126.64,110.82
frame_1560.jpg,207.43,118.08,163.59,128.4
frame_1560.jpg,0.0,133.91,174.01,121.37
frame_1560.jpg,50.71,38.93,162.0,117.85
frame_1560.jpg,0.0,31.89,71.99,119.61
frame_1620.jpg,1746.52,768.89,173.48,195.25
frame_1620.jpg,1653.3,538.47,198.76,175.89
frame_1620.jpg,1874.93,364.33,45.07,151.27
frame_1620.jpg,1797.53,246.48,122.47,126.65
frame_1620.jpg,1711.34,109.28,158.31,114.34
frame_1620.jpg,1873.17,21.34,46.83,107.29
frame_1620.jpg,1677.92,12.54,147.75,105.54
frame_1620.jpg,1449.26,10.78,126.64,100.26
frame_1620.jpg,1505.54,96.97,133.68,123.13
frame_1620.jpg,1546.0,221.86,168.86,126.64
frame_1620.jpg,1618.12,362.57,181.17,170.62
frame_1620.jpg,1473.88,758.34,228.67,195.24
frame_1620.jpg,1428.15,524.4,179.41,170.62
frame_1620.jpg,1380.66,346.74,186.45,170.62
frame_1620.jpg,1377.14,227.13,145.99,130.17
frame_1620.jpg,1297.99,102.25,137.2,117.85
frame_1620.jpg,1276.88,7.26,105.54,100.26
frame_1620.jpg,1116.81,9.02,103.78,102.02
frame_1620.jpg,1125.61,109.28,110.81,110.82
frame_1620.jpg,1150.23,221.86,128.41,128.4
frame_1620.jpg,1185.41,360.81,154.79,144.24
frame_1620.jpg,1220.59,517.36,188.21,168.86
frame_1620.jpg,1215.32,747.79,189.96,197.0
frame_1620.jpg,926.85,786.48,172.37,198.76
frame_1620.jpg,935.64,568.37,153.03,163.58
frame_1620.jpg,919.81,383.68,135.44,144.24
frame_1620.jpg,907.5,248.24,133.68,131.92
frame_1620.jpg,925.09,119.84,135.44,123.12
frame_1620.jpg,923.33,1.81,117.85,118.03
frame_1620.jpg,724.57,19.58,121.36,114.33
frame_1620.jpg,699.94,128.63,117.85,119.61
frame_1620.jpg,701.7,265.83,138.96,135.44
frame_1620.jpg,666.52,403.03,161.83,147.75
frame_1620.jpg,640.14,571.89,179.41,174.14
frame_1620.jpg,552.19,765.37,189.97,188.21
frame_1620.jpg,117.73,774.17,256.8,207.56
frame_1620.jpg,0.0,786.48,137.07,195.25
frame_1620.jpg,270.76,573.65,207.55,168.86
frame_1620.jpg,6.91,577.17,239.22,172.37
frame_1620.jpg,362.22,362.57,198.76,170.62
frame_1620.jpg,437.86,223.62,138.95,133.68
frame_1620.jpg,471.28,118.08,130.16,119.61
frame_1620.jpg,502.94,24.85,138.96,109.06
frame_1620.jpg,307.69,30.13,123.13,109.06
frame_1620.jpg,270.76,118.08,161.82,130.16
frame_1620.jpg,188.08,246.48,182.94,140.72
frame_1620.jpg,112.45,390.72,189.97,153.03
frame_1620.jpg,0.0,410.07,91.34,151.27
frame_1620.jpg,0.0,255.28,145.87,131.92
frame_1620.jpg,64.96,135.67,170.62,123.12
frame_1620.jpg,103.65,40.68,163.59,110.82
frame_1620.jpg,0.0,31.89,131.8,117.85
frame_1620.jpg,0.0,139.19,42.09,103.77
frame_1680.jpg,1829.19,768.89,90.81,189.97
frame_1680.jpg,1728.93,538.47,191.07,177.65
frame_1680.jpg,1684.96,359.06,189.97,172.37
frame_1680.jpg,1855.58,244.72,64.42,128.41
frame_1680.jpg,1767.63,105.77,152.37,116.09
frame_1680.jpg,1725.41,10.78,156.55,103.78
frame_1680.jpg,1498.51,9.02,133.68,103.78
frame_1680.jpg,1560.07,105.77,138.96,114.33
frame_1680.jpg,1607.56,218.34,168.86,130.16
frame_1680.jpg,1558.31,760.1,235.7,193.48
frame_1680.jpg,1500.27,524.4,188.21,167.1
frame_1680.jpg,1447.5,346.74,189.97,168.86
frame_1680.jpg,1435.19,227.13,156.54,131.93
frame_1680.jpg,1352.51,102.25,142.48,116.09
frame_1680.jpg,1327.89,5.5,110.81,102.02
frame_1680.jpg,1164.31,7.26,110.81,109.06
frame_1680.jpg,1178.38,104.01,117.85,117.85
frame_1680.jpg,1210.04,221.86,131.92,128.4
frame_1680.jpg,1252.25,359.06,160.07,147.75
frame_1680.jpg,1296.23,519.12,195.24,165.34
frame_1680.jpg,1297.99,747.79,207.55,195.24
frame_1680.jpg,1016.55,784.72,177.66,198.77
frame_1680.jpg,1014.79,570.13,154.79,158.31
frame_1680.jpg,991.93,383.68,135.44,142.48
frame_1680.jpg,972.58,241.21,131.92,138.95
frame_1680.jpg,981.37,118.08,138.96,128.4
frame_1680.jpg,974.34,0.05,119.61,123.31
frame_1680.jpg,780.85,23.09,119.61,110.82
frame_1680.jpg,759.75,130.39,114.33,114.33
frame_1680.jpg,766.78,265.83,135.44,135.44
frame_1680.jpg,742.16,399.51,158.3,156.55
frame_1680.jpg,724.57,571.89,170.62,175.9
frame_1680.jpg,648.93,767.13,177.66,188.21
frame_1680.jpg,210.95,772.41,249.77,211.08
frame_1680.jpg,351.67,575.41,204.04,168.86
frame_1680.jpg,434.34,364.33,197.0,172.38
frame_1680.jpg,502.94,227.13,133.68,137.2
frame_1680.jpg,531.08,118.08,128.41,117.85
frame_1680.jpg,552.19,23.09,142.47,109.06
frame_1680.jpg,365.74,28.37,116.09,105.54
frame_1680.jpg,328.8,121.6,158.31,124.88
frame_1680.jpg,254.93,246.48,177.65,144.24
frame_1680.jpg,189.84,394.23,181.18,146.0
frame_1680.jpg,93.1,580.68,226.91,168.86
frame_1680.jpg,0.0,784.72,217.99,189.97
frame_1680.jpg,0.0,394.06,154.66,174.31
frame_1680.jpg,22.74,255.28,186.45,130.16
frame_1680.jpg,128.28,139.19,165.34,116.09
frame_1680.jpg,159.94,40.68,161.83,107.3
frame_1680.jpg,28.02,33.65,158.31,109.05
frame_1680.jpg,0.0,146.22,100.14,117.85
frame_1680.jpg,0.0,260.55,28.02,107.3
frame_1680.jpg,0.0,61.79,10.43,52.77
frame_1740.jpg,1901.31,798.79,18.69,80.92
frame_1740.jpg,1794.01,536.71,125.99,170.62
frame_1740.jpg,1751.8,364.33,168.2,168.86
frame_1740.jpg,1910.1,278.14,9.9,45.74
frame_1740.jpg,1811.6,102.25,108.4,121.37
frame_1740.jpg,1772.91,10.78,147.09,103.78
frame_1740.jpg,1546.0,9.02,135.44,105.54
frame_1740.jpg,1611.08,98.73,137.2,119.61
frame_1740.jpg,1658.57,220.1,175.9,128.4
frame_1740.jpg,1509.06,343.22,193.49,174.14
frame_1740.jpg,1567.11,526.16,193.48,167.1
frame_1740.jpg,1633.95,761.86,248.01,189.96
frame_1740.jpg,1373.62,744.27,214.59,198.76
frame_1740.jpg,1363.07,517.36,198.76,168.86
frame_1740.jpg,1310.3,357.3,168.86,147.75
frame_1740.jpg,1486.2,227.13,161.82,128.41
frame_1740.jpg,1407.04,100.49,137.2,123.13
frame_1740.jpg,1368.35,3.57,116.09,103.95
frame_1740.jpg,1208.28,5.5,117.85,107.3
frame_1740.jpg,1227.63,104.01,123.13,116.09
frame_1740.jpg,1264.57,223.62,137.2,126.64
frame_1740.jpg,1095.71,784.72,186.45,198.77
frame_1740.jpg,1079.88,563.09,165.34,170.62
frame_1740.jpg,1048.21,381.92,142.48,142.48
frame_1740.jpg,1027.11,239.45,135.44,142.47
frame_1740.jpg,1032.38,119.84,140.72,123.12
frame_1740.jpg,1025.35,0.0,116.09,118.08
frame_1740.jpg,828.35,19.58,116.09,116.09
frame_1740.jpg,812.51,133.91,119.61,116.09
frame_1740.jpg,826.59,265.83,130.16,133.68
frame_1740.jpg,803.72,401.27,158.31,153.03
frame_1740.jpg,796.68,573.65,168.86,174.14
frame_1740.jpg,731.6,765.37,172.38,188.21
frame_1740.jpg,298.9,775.93,239.22,205.8
frame_1740.jpg,429.06,580.68,193.49,161.83
frame_1740.jpg,499.42,362.57,191.73,175.9
frame_1740.jpg,555.71,223.62,135.44,130.16
frame_1740.jpg,580.33,116.32,130.17,119.61
frame_1740.jpg,606.72,24.85,131.92,109.06
frame_1740.jpg,413.23,30.13,116.09,107.3
frame_1740.jpg,381.57,119.84,160.07,131.92
frame_1740.jpg,311.21,248.24,179.42,142.48
frame_1740.jpg,251.41,394.23,182.93,146.0
frame_1740.jpg,172.25,578.93,219.87,170.61
frame_1740.jpg,42.09,782.96,256.81,198.77
frame_1740.jpg,0.0,552.36,70.23,169.04
frame_1740.jpg,0.0,388.96,225.02,181.17
frame_1740.jpg,0.0,246.48,89.58,138.96
frame_1740.jpg,80.79,255.28,182.93,135.44
frame_1740.jpg,182.81,133.91,160.06,123.13
frame_1740.jpg,210.95,42.44,158.31,109.06
frame_1740.jpg,77.27,30.13,151.27,117.85
frame_1740.jpg,0.0,139.19,151.15,126.64
frame_1740.jpg,0.0,26.61,56.16,105.54
frame_180.jpg,1602.29,788.24,269.12,205.8
frame_180.jpg,1561.83,598.27,200.52,186.45
frame_180.jpg,1510.82,438.21,186.45,156.55
frame_180.jpg,1459.81,293.97,177.66,144.24
frame_180.jpg,1443.98,158.53,138.96,124.89
frame_180.jpg,1400.01,31.89,126.64,109.05
frame_180.jpg,1238.18,24.85,116.09,109.06
frame_180.jpg,1259.29,172.61,121.37,121.36
frame_180.jpg,1257.53,267.59,153.03,137.2
frame_180.jpg,1280.4,399.51,165.34,151.27
frame_180.jpg,1289.19,566.61,174.14,172.38
frame_180.jpg,1303.26,777.69,205.8,191.72
frame_180.jpg,1044.7,781.21,182.93,189.96
frame_180.jpg,1093.95,564.85,168.86,168.86
frame_180.jpg,1074.6,422.38,142.47,153.03
frame_180.jpg,1078.12,260.55,140.71,149.52
frame_180.jpg,1071.08,139.19,131.92,137.19
frame_180.jpg,1074.6,19.58,105.54,105.53
frame_180.jpg,909.26,24.85,100.26,109.06
frame_180.jpg,875.84,137.43,126.64,126.64
frame_180.jpg,851.21,235.93,135.44,144.23
frame_180.jpg,833.62,383.68,142.48,153.03
frame_180.jpg,786.13,566.61,174.14,177.66
frame_180.jpg,757.99,765.37,170.62,191.73
frame_180.jpg,432.58,763.62,214.59,197.0
frame_180.jpg,559.22,557.82,167.11,160.06
frame_180.jpg,592.64,371.37,161.83,147.75
frame_180.jpg,624.31,251.76,135.44,117.85
frame_180.jpg,654.21,111.04,130.16,119.61
frame_180.jpg,712.25,16.06,100.26,102.02
frame_180.jpg,462.48,12.54,126.65,94.98
frame_180.jpg,423.79,104.01,153.02,117.85
frame_180.jpg,381.57,227.13,145.99,123.13
frame_180.jpg,298.9,362.57,197.0,175.9
frame_180.jpg,170.5,536.71,226.9,181.17
frame_180.jpg,61.44,774.17,253.29,193.48
frame_180.jpg,0.0,768.89,47.37,146.0
frame_180.jpg,0.0,522.64,175.77,175.89
frame_180.jpg,0.0,357.3,54.4,144.23
frame_180.jpg,0.0,216.58,123.0,131.92
frame_180.jpg,174.01,221.86,172.38,137.2
frame_180.jpg,73.75,346.74,207.56,174.14
frame_180.jpg,217.99,96.97,149.51,121.37
frame_180.jpg,270.58,0.0,142.65,111.04
frame_180.jpg,98.38,0.0,149.51,112.8
frame_180.jpg,15.71,96.97,172.37,123.13
frame_180.jpg,0.0,0.05,77.27,114.51
frame_1800.jpg,1821.8,12.54,98.2,103.78
frame_1800.jpg,1869.3,105.77,50.7,117.85
frame_1800.jpg,1818.29,359.06,101.71,165.34
frame_1800.jpg,1871.06,531.43,48.94,158.31
frame_1800.jpg,1719.79,756.58,200.21,193.49
frame_1800.jpg,1462.98,744.27,228.66,193.48
frame_1800.jpg,1644.15,519.12,207.56,174.14
frame_1800.jpg,1440.11,515.6,211.08,167.1
frame_1800.jpg,1584.35,346.74,191.72,170.62
frame_1800.jpg,1725.41,216.58,179.42,126.64
frame_1800.jpg,1666.84,99.61,147.75,121.37
frame_1800.jpg,1594.55,7.62,142.47,105.53
frame_1800.jpg,1423.93,2.34,121.37,107.3
frame_1800.jpg,1464.38,100.84,147.76,121.37
frame_1800.jpg,1554.09,225.73,163.58,131.92
frame_1800.jpg,1383.47,359.41,174.14,145.99
frame_1800.jpg,1330.7,222.21,140.72,128.4
frame_1800.jpg,1286.73,102.6,128.4,117.85
frame_1800.jpg,1265.62,9.37,114.33,102.02
frame_1800.jpg,1080.93,0.0,117.85,121.95
frame_1800.jpg,1093.24,123.71,144.24,121.36
frame_1800.jpg,1098.52,241.56,135.44,135.44
frame_1800.jpg,1123.15,384.03,149.51,147.76
frame_1800.jpg,1165.36,565.21,170.62,165.34
frame_1800.jpg,1193.5,785.07,193.49,198.77
frame_1800.jpg,836.44,763.97,167.1,189.96
frame_1800.jpg,887.45,574.0,165.34,172.38
frame_1800.jpg,885.69,394.59,153.03,158.3
frame_1800.jpg,899.76,264.42,124.88,142.48
frame_1800.jpg,875.13,127.22,117.85,117.85
frame_1800.jpg,887.45,21.69,114.33,105.53
frame_1800.jpg,664.06,25.21,133.68,117.85
frame_1800.jpg,646.47,116.67,128.4,119.61
frame_1800.jpg,630.64,225.73,128.4,135.44
frame_1800.jpg,581.39,364.68,184.69,172.38
frame_1800.jpg,519.82,575.76,191.73,174.14
frame_1800.jpg,405.49,774.52,232.18,209.32
frame_1800.jpg,148.68,783.32,248.02,200.52
frame_1800.jpg,266.53,584.55,209.32,168.86
frame_1800.jpg,333.37,389.31,174.14,154.79
frame_1800.jpg,391.42,245.07,167.1,146.0
frame_1800.jpg,447.71,118.43,154.79,131.92
frame_1800.jpg,474.09,30.48,112.57,114.33
frame_1800.jpg,273.57,42.79,154.79,116.1
frame_1800.jpg,250.7,139.54,154.79,126.64
frame_1800.jpg,159.24,255.63,175.89,133.68
frame_1800.jpg,53.7,391.07,246.25,167.1
frame_1800.jpg,0.0,559.93,148.68,174.14
frame_1800.jpg,0.0,802.66,76.57,181.18
frame_1800.jpg,0.0,413.93,71.29,158.31
frame_1800.jpg,0.0,253.87,155.72,137.2
frame_1800.jpg,0.0,141.3,57.22,116.09
frame_1800.jpg,39.63,143.06,172.38,128.4
frame_1800.jpg,139.89,34.0,153.03,114.33
frame_1800.jpg,0.0,28.72,113.5,114.34
frame_1860.jpg,1804.57,754.82,115.43,197.0
frame_1860.jpg,1714.86,522.64,205.14,167.1
frame_1860.jpg,1887.24,385.44,32.76,117.85
frame_1860.jpg,1781.7,216.58,138.3,128.4
frame_1860.jpg,1871.41,12.54,48.59,107.3
frame_1860.jpg,1642.74,9.02,147.76,105.54
frame_1860.jpg,1720.14,96.97,147.75,123.13
frame_1860.jpg,1609.32,223.62,168.86,130.16
frame_1860.jpg,1648.02,346.74,193.48,168.86
frame_1860.jpg,1512.58,517.36,214.59,167.1
frame_1860.jpg,1544.24,742.51,237.46,197.0
frame_1860.jpg,1276.88,786.48,200.52,197.01
frame_1860.jpg,1234.66,564.85,181.18,163.59
frame_1860.jpg,1188.93,381.92,151.27,144.24
frame_1860.jpg,1159.03,242.96,131.92,133.68
frame_1860.jpg,1150.23,118.08,146.0,124.88
frame_1860.jpg,1132.64,0.0,112.58,116.32
frame_1860.jpg,1447.5,359.06,179.41,145.99
frame_1860.jpg,1514.34,100.49,151.27,121.37
frame_1860.jpg,1385.93,227.13,149.52,123.13
frame_1860.jpg,1341.96,104.01,126.65,116.09
frame_1860.jpg,1472.12,0.05,121.37,103.96
frame_1860.jpg,1310.3,0.0,119.61,114.56
frame_1860.jpg,921.57,765.37,167.1,188.21
frame_1860.jpg,970.82,573.65,154.79,174.14
frame_1860.jpg,954.99,395.99,149.51,161.83
frame_1860.jpg,963.79,265.83,124.88,135.44
frame_1860.jpg,930.36,128.63,117.85,119.61
frame_1860.jpg,937.4,23.09,114.33,105.54
frame_1860.jpg,719.29,28.37,130.16,109.06
frame_1860.jpg,699.94,119.84,128.41,110.81
frame_1860.jpg,691.15,225.37,131.92,135.44
frame_1860.jpg,647.17,362.57,186.45,177.66
frame_1860.jpg,603.2,577.17,179.41,168.86
frame_1860.jpg,494.14,775.93,219.87,209.31
frame_1860.jpg,242.61,782.96,230.43,200.53
frame_1860.jpg,346.39,580.68,202.28,165.35
frame_1860.jpg,411.47,397.75,161.83,142.48
frame_1860.jpg,451.93,250.0,165.34,140.72
frame_1860.jpg,506.46,119.84,153.03,131.92
frame_1860.jpg,525.8,31.89,116.1,117.85
frame_1860.jpg,330.56,44.2,147.75,110.82
frame_1860.jpg,307.69,137.43,153.03,124.88
frame_1860.jpg,219.75,258.79,172.37,133.69
frame_1860.jpg,124.76,385.44,239.22,197.0
frame_1860.jpg,3.22,561.16,221.8,169.04
frame_1860.jpg,0.0,580.51,35.06,181.35
frame_1860.jpg,0.0,793.52,159.94,197.0
frame_1860.jpg,0.0,417.1,135.32,145.99
frame_1860.jpg,38.57,257.04,174.14,131.92
frame_1860.jpg,98.38,142.7,168.86,123.13
frame_1860.jpg,191.6,33.65,154.79,117.85
frame_1860.jpg,15.71,30.13,145.99,110.81
frame_1860.jpg,0.0,144.46,108.93,121.37
frame_1860.jpg,0.0,26.61,22.74,103.78
frame_1920.jpg,1889.0,770.65,31.0,135.44
frame_1920.jpg,1792.25,519.12,127.75,167.1
frame_1920.jpg,1718.38,348.5,197.0,168.86
frame_1920.jpg,1841.5,214.82,78.5,142.48
frame_1920.jpg,1769.39,95.21,150.61,123.13
frame_1920.jpg,1695.51,9.02,145.99,105.54
frame_1920.jpg,1524.89,0.0,124.89,105.77
frame_1920.jpg,1570.63,98.73,158.3,117.85
frame_1920.jpg,1674.4,221.86,168.86,133.68
frame_1920.jpg,1589.97,515.6,218.11,172.38
frame_1920.jpg,1630.43,740.75,248.01,197.0
frame_1920.jpg,1363.07,782.96,214.59,193.49
frame_1920.jpg,1317.34,564.85,184.69,165.35
frame_1920.jpg,1255.77,380.16,161.83,146.0
frame_1920.jpg,1224.11,244.72,137.2,135.44
frame_1920.jpg,1210.04,118.08,144.23,123.13
frame_1920.jpg,1187.17,0.05,112.58,118.03
frame_1920.jpg,993.69,21.34,109.05,110.81
frame_1920.jpg,991.93,126.87,117.85,119.61
frame_1920.jpg,1030.63,264.07,124.88,135.44
frame_1920.jpg,1032.38,392.48,140.72,161.82
frame_1920.jpg,1048.21,575.41,160.07,168.86
frame_1920.jpg,1014.79,768.89,175.9,182.93
frame_1920.jpg,594.4,775.93,212.84,211.07
frame_1920.jpg,687.63,573.65,172.38,170.62
frame_1920.jpg,717.53,364.33,189.97,172.38
frame_1920.jpg,749.19,225.37,135.44,135.44
frame_1920.jpg,756.23,114.56,130.16,121.37
frame_1920.jpg,773.82,26.61,128.4,110.82
frame_1920.jpg,578.57,28.37,117.85,117.85
frame_1920.jpg,568.02,121.6,144.23,133.68
frame_1920.jpg,525.8,251.76,151.27,140.72
frame_1920.jpg,481.83,395.99,156.55,144.24
frame_1920.jpg,434.34,578.93,193.48,172.37
frame_1920.jpg,342.87,781.21,221.63,198.76
frame_1920.jpg,0.0,781.21,247.89,216.35
frame_1920.jpg,0.0,571.71,108.93,169.04
frame_1920.jpg,91.34,557.82,207.56,179.41
frame_1920.jpg,203.92,394.23,230.42,172.38
frame_1920.jpg,0.0,411.82,209.19,153.03
frame_1920.jpg,0.0,263.9,70.23,139.13
frame_1920.jpg,103.65,255.28,174.14,135.44
frame_1920.jpg,291.86,258.79,165.35,135.44
frame_1920.jpg,372.78,135.67,149.51,126.64
frame_1920.jpg,385.09,44.2,147.75,109.06
frame_1920.jpg,249.65,37.17,156.55,116.09
frame_1920.jpg,161.7,142.7,165.34,123.13
frame_1920.jpg,3.39,144.46,165.35,121.37
frame_1920.jpg,73.75,33.65,142.48,112.57
frame_1920.jpg,0.0,19.58,77.27,112.57
frame_1980.jpg,1850.12,510.15,69.88,186.63
frame_1980.jpg,1776.42,344.98,143.58,172.38
frame_1980.jpg,1892.51,228.89,27.49,82.67
frame_1980.jpg,1823.92,98.73,96.08,116.09
frame_1980.jpg,1737.55,9.02,153.21,103.78
frame_1980.jpg,1621.64,98.73,158.3,121.37
frame_1980.jpg,1727.17,225.37,175.9,121.37
frame_1980.jpg,1572.38,357.3,189.97,145.99
frame_1980.jpg,1649.78,515.6,235.7,170.62
frame_1980.jpg,1700.79,744.27,219.21,193.48
frame_1980.jpg,1435.19,786.48,225.14,189.97
frame_1980.jpg,1380.66,566.61,191.72,160.07
frame_1980.jpg,1315.58,378.4,161.82,147.76
frame_1980.jpg,1282.16,242.96,133.68,130.17
frame_1980.jpg,1262.81,119.84,145.99,121.37
frame_1980.jpg,1442.22,102.25,138.96,119.61
frame_1980.jpg,1503.79,218.34,153.02,130.16
frame_1980.jpg,1575.73,0.0,121.54,107.52
frame_1980.jpg,1405.28,7.26,130.17,103.78
frame_1980.jpg,1227.63,0.0,117.85,119.84
frame_1980.jpg,1041.18,21.34,112.57,114.33
frame_1980.jpg,1041.18,130.39,119.61,116.09
frame_1980.jpg,1085.15,264.07,126.65,137.2
frame_1980.jpg,1093.95,404.79,142.47,144.23
frame_1980.jpg,1118.57,575.41,158.31,172.38
frame_1980.jpg,1083.39,767.13,184.69,186.45
frame_1980.jpg,673.56,774.17,207.55,209.32
frame_1980.jpg,759.75,575.41,167.1,170.62
frame_1980.jpg,779.09,364.33,184.7,175.9
frame_1980.jpg,807.24,225.37,131.92,135.44
frame_1980.jpg,809.0,118.08,126.64,126.64
frame_1980.jpg,821.13,24.85,126.82,109.06
frame_1980.jpg,627.82,35.41,114.34,110.81
frame_1980.jpg,620.79,125.11,144.23,124.89
frame_1980.jpg,582.09,248.24,151.27,144.24
frame_1980.jpg,552.19,394.23,147.75,144.24
frame_1980.jpg,511.73,580.68,177.66,170.62
frame_1980.jpg,425.54,784.72,209.32,191.73
frame_1980.jpg,59.68,788.24,260.33,198.76
frame_1980.jpg,166.98,559.58,198.76,168.86
frame_1980.jpg,267.24,388.96,228.66,174.13
frame_1980.jpg,353.43,255.28,158.3,135.44
frame_1980.jpg,427.3,137.43,144.24,130.16
frame_1980.jpg,434.34,44.2,145.99,103.78
frame_1980.jpg,304.18,37.17,145.99,114.33
frame_1980.jpg,210.95,142.7,167.1,126.65
frame_1980.jpg,161.7,258.79,168.86,137.2
frame_1980.jpg,64.96,413.58,197.0,151.27
frame_1980.jpg,0.0,570.13,181.05,168.86
frame_1980.jpg,0.0,804.07,35.06,98.5
frame_1980.jpg,0.0,385.44,52.64,174.14
frame_1980.jpg,0.0,265.83,124.76,135.44
frame_1980.jpg,0.0,147.98,24.5,110.81
frame_1980.jpg,0.0,17.82,123.0,112.57
frame_1980.jpg,123.0,30.13,142.48,110.81
frame_1980.jpg,54.4,140.94,168.86,126.65
frame_2040.jpg,1873.17,96.97,46.83,119.61
frame_2040.jpg,1785.22,742.51,134.78,200.52
frame_2040.jpg,1725.41,512.08,194.59,177.66
frame_2040.jpg,1839.75,357.3,80.25,137.2
frame_2040.jpg,1785.22,223.62,134.78,130.16
frame_2040.jpg,1788.74,10.78,131.26,96.74
frame_2040.jpg,1618.12,7.26,133.68,102.02
frame_2040.jpg,1674.4,98.73,161.83,121.37
frame_2040.jpg,1561.83,216.58,158.31,131.92
frame_2040.jpg,1639.22,357.3,195.25,145.99
frame_2040.jpg,1500.27,100.49,140.71,119.61
frame_2040.jpg,1456.29,7.26,130.17,102.02
frame_2040.jpg,1285.67,0.05,114.34,119.79
frame_2040.jpg,1310.3,121.6,156.55,121.36
frame_2040.jpg,1340.2,242.96,142.48,137.2
frame_2040.jpg,1380.66,383.68,172.38,142.48
frame_2040.jpg,1449.26,568.37,205.8,161.83
frame_2040.jpg,1523.13,784.72,230.43,198.77
frame_2040.jpg,1167.82,767.13,193.49,184.69
frame_2040.jpg,1197.73,570.13,161.82,168.86
frame_2040.jpg,1162.55,395.99,144.23,156.55
frame_2040.jpg,1148.48,262.31,130.16,135.44
frame_2040.jpg,1097.47,126.87,124.88,117.85
frame_2040.jpg,1095.71,19.58,107.29,107.29
frame_2040.jpg,875.84,28.37,124.88,103.78
frame_2040.jpg,867.04,114.56,128.41,117.85
frame_2040.jpg,867.04,221.86,133.68,138.95
frame_2040.jpg,849.45,364.33,182.93,175.9
frame_2040.jpg,840.66,577.17,160.06,165.34
frame_2040.jpg,765.02,777.69,197.01,204.04
frame_2040.jpg,515.25,784.72,202.28,186.45
frame_2040.jpg,594.4,578.93,172.38,172.37
frame_2040.jpg,622.55,392.48,144.23,147.75
frame_2040.jpg,647.17,251.76,146.0,138.96
frame_2040.jpg,684.11,121.6,133.68,128.4
frame_2040.jpg,684.11,33.65,114.33,114.33
frame_2040.jpg,494.14,49.48,138.96,102.02
frame_2040.jpg,487.11,139.19,137.2,123.12
frame_2040.jpg,420.27,257.04,153.03,135.44
frame_2040.jpg,342.87,388.96,218.11,172.38
frame_2040.jpg,246.13,554.3,189.97,175.9
frame_2040.jpg,154.66,784.72,251.54,209.32
frame_2040.jpg,0.0,789.82,119.49,200.7
frame_2040.jpg,20.98,569.95,233.95,172.56
frame_2040.jpg,140.59,417.1,195.25,145.99
frame_2040.jpg,0.0,397.75,124.76,174.14
frame_2040.jpg,232.06,257.04,161.82,138.95
frame_2040.jpg,10.43,265.83,179.41,137.2
frame_2040.jpg,0.0,133.91,82.55,126.64
frame_2040.jpg,0.0,45.96,15.71,54.53
frame_2040.jpg,28.02,19.58,145.99,103.78
frame_2040.jpg,119.49,142.7,165.34,121.37
frame_2040.jpg,276.03,144.46,158.31,124.89
frame_2040.jpg,181.05,31.89,133.68,112.57
frame_2040.jpg,355.19,38.93,147.75,110.81
frame_2100.jpg,1827.26,5.33,92.74,107.47
frame_2100.jpg,1711.34,100.49,168.86,117.85
frame_2100.jpg,1832.71,225.37,87.29,130.17
frame_2100.jpg,1894.27,406.55,25.73,72.11
frame_2100.jpg,1779.94,519.12,140.06,163.58
frame_2100.jpg,1845.02,744.27,74.98,188.21
frame_2100.jpg,1582.94,784.72,244.49,198.77
frame_2100.jpg,1509.06,564.85,209.32,165.35
frame_2100.jpg,1428.15,380.16,181.17,147.76
frame_2100.jpg,1389.45,246.48,142.48,131.92
frame_2100.jpg,1352.51,114.56,160.07,126.65
frame_2100.jpg,1540.72,100.49,144.24,119.61
frame_2100.jpg,1607.56,218.34,167.1,131.92
frame_2100.jpg,1690.23,359.06,198.77,142.47
frame_2100.jpg,1658.4,1.81,133.85,107.47
frame_2100.jpg,1496.57,9.02,132.1,105.54
frame_2100.jpg,1325.95,0.0,114.51,114.56
frame_2100.jpg,1137.92,24.85,107.3,107.3
frame_2100.jpg,1141.44,130.39,124.89,112.57
frame_2100.jpg,1197.73,262.31,128.4,135.44
frame_2100.jpg,1211.8,401.27,145.99,144.23
frame_2100.jpg,1252.25,570.13,167.11,175.9
frame_2100.jpg,1231.15,763.62,198.76,189.96
frame_2100.jpg,838.9,775.93,189.97,207.56
frame_2100.jpg,903.98,578.93,160.07,158.3
frame_2100.jpg,900.46,364.33,186.45,172.38
frame_2100.jpg,916.29,223.62,133.68,137.19
frame_2100.jpg,912.78,119.84,126.64,116.09
frame_2100.jpg,916.29,26.61,123.13,102.02
frame_2100.jpg,724.57,33.65,112.57,114.33
frame_2100.jpg,728.08,123.36,131.93,128.4
frame_2100.jpg,692.91,246.48,147.75,146.0
frame_2100.jpg,675.32,392.48,142.47,145.99
frame_2100.jpg,654.21,580.68,168.86,170.62
frame_2100.jpg,589.13,782.96,189.96,189.97
frame_2100.jpg,226.78,786.48,244.5,207.56
frame_2100.jpg,311.21,557.82,181.17,172.38
frame_2100.jpg,395.64,387.2,219.87,174.14
frame_2100.jpg,471.28,258.79,147.75,123.13
frame_2100.jpg,532.84,140.94,137.2,126.65
frame_2100.jpg,534.6,47.72,138.96,105.54
frame_2100.jpg,399.16,38.93,138.96,114.33
frame_2100.jpg,325.28,144.46,154.79,128.41
frame_2100.jpg,283.07,258.79,156.55,126.65
frame_2100.jpg,200.4,415.34,188.21,147.75
frame_2100.jpg,91.3,571.89,218.15,168.86
frame_2100.jpg,0.0,781.21,181.05,207.55
frame_2100.jpg,0.0,608.83,68.48,149.51
frame_2100.jpg,0.0,397.75,179.29,175.9
frame_2100.jpg,0.0,297.32,20.98,96.91
frame_2100.jpg,64.96,267.59,174.13,133.68
frame_2100.jpg,166.98,142.7,160.06,124.89
frame_2100.jpg,226.78,30.13,130.16,109.06
frame_2100.jpg,71.99,19.58,140.72,107.29
frame_2100.jpg,0.0,140.94,121.24,119.61
frame_2100.jpg,0.0,19.4,57.92,119.79
frame_2160.jpg,1848.54,524.4,71.46,163.58
frame_2160.jpg,1746.52,355.54,173.48,145.99
frame_2160.jpg,1885.48,225.37,34.52,117.85
frame_2160.jpg,1765.87,100.49,154.13,119.61
frame_2160.jpg,1871.41,12.54,48.59,105.54
frame_2160.jpg,1702.55,3.75,138.95,103.77
frame_2160.jpg,1544.24,7.26,135.44,100.26
frame_2160.jpg,1591.73,104.01,146.0,117.85
frame_2160.jpg,1658.57,221.86,172.38,130.16
frame_2160.jpg,1660.33,782.96,253.29,200.53
frame_2160.jpg,1575.9,563.09,216.35,167.11
frame_2160.jpg,1489.71,378.4,181.18,147.76
frame_2160.jpg,1447.5,246.48,140.71,130.16
frame_2160.jpg,1408.8,114.56,154.79,124.89
frame_2160.jpg,1368.35,1.81,126.64,119.79
frame_2160.jpg,1183.65,16.06,109.06,114.33
frame_2160.jpg,1190.69,128.63,131.92,112.58
frame_2160.jpg,1250.5,260.55,137.19,135.44
frame_2160.jpg,1271.6,397.75,154.79,151.27
frame_2160.jpg,1319.09,575.41,179.42,167.1
frame_2160.jpg,1305.02,761.86,211.08,189.96
frame_2160.jpg,921.57,772.41,186.45,205.79
frame_2160.jpg,977.86,575.41,154.78,168.86
frame_2160.jpg,963.79,360.81,186.44,175.9
frame_2160.jpg,970.82,218.34,135.44,142.47
frame_2160.jpg,963.79,114.56,126.64,116.09
frame_2160.jpg,963.79,28.37,117.85,103.78
frame_2160.jpg,773.82,31.89,110.81,117.85
frame_2160.jpg,777.34,119.84,137.19,128.4
frame_2160.jpg,754.47,244.72,142.47,147.76
frame_2160.jpg,745.67,394.23,133.69,146.0
frame_2160.jpg,729.84,584.2,160.07,154.79
frame_2160.jpg,671.8,779.45,186.45,193.48
frame_2160.jpg,314.73,790.0,232.18,198.76
frame_2160.jpg,386.85,559.58,175.89,170.62
frame_2160.jpg,464.24,392.48,211.08,181.17
frame_2160.jpg,531.08,260.55,144.24,128.41
frame_2160.jpg,589.13,140.94,135.44,126.65
frame_2160.jpg,587.37,47.72,133.68,102.02
frame_2160.jpg,450.17,37.17,142.47,117.85
frame_2160.jpg,378.05,146.22,151.27,121.37
frame_2160.jpg,342.87,264.07,154.79,128.41
frame_2160.jpg,267.24,415.34,181.17,153.03
frame_2160.jpg,166.98,573.65,207.55,161.82
frame_2160.jpg,0.0,777.51,258.44,211.25
frame_2160.jpg,0.0,825.18,13.95,38.7
frame_2160.jpg,0.0,600.03,138.83,175.9
frame_2160.jpg,50.89,399.51,191.72,177.66
frame_2160.jpg,0.0,425.9,49.13,142.47
frame_2160.jpg,0.0,267.59,84.31,147.75
frame_2160.jpg,124.76,265.83,170.62,140.72
frame_2160.jpg,219.75,144.46,158.3,123.13
frame_2160.jpg,274.27,33.65,128.41,112.57
frame_2160.jpg,124.76,21.34,135.44,107.29
frame_2160.jpg,20.98,139.19,151.27,123.12
frame_2160.jpg,0.0,19.4,105.41,119.79
frame_2220.jpg,1725.41,786.48,194.59,197.01
frame_2220.jpg,1896.03,554.3,23.97,58.05
frame_2220.jpg,1799.29,357.3,120.71,142.47
frame_2220.jpg,1706.07,221.86,172.37,128.4
frame_2220.jpg,1806.33,102.25,113.67,114.33
frame_2220.jpg,1741.24,7.09,146.0,103.95
frame_2220.jpg,1910.1,38.93,9.9,40.45
frame_2220.jpg,1581.18,0.05,142.47,114.51
frame_2220.jpg,1632.19,102.25,151.27,116.09
frame_2220.jpg,1633.95,566.61,223.39,160.07
frame_2220.jpg,1410.56,0.0,121.37,116.32
frame_2220.jpg,1449.26,118.08,160.06,130.16
frame_2220.jpg,1493.23,242.96,154.79,135.44
frame_2220.jpg,1542.48,380.16,188.21,144.24
frame_2220.jpg,1382.42,571.89,179.41,172.38
frame_2220.jpg,1371.86,761.86,218.11,191.72
frame_2220.jpg,1329.65,395.99,158.3,153.03
frame_2220.jpg,1301.5,262.31,138.96,137.2
frame_2220.jpg,1234.66,128.63,138.96,114.33
frame_2220.jpg,1227.63,19.58,109.05,109.05
frame_2220.jpg,1011.28,24.85,116.09,105.54
frame_2220.jpg,1007.76,119.84,130.16,112.57
frame_2220.jpg,1023.59,220.1,133.68,135.44
frame_2220.jpg,1020.07,362.57,182.93,175.9
frame_2220.jpg,1042.94,578.93,156.55,160.06
frame_2220.jpg,993.69,770.65,188.21,207.56
frame_2220.jpg,747.43,779.45,181.18,193.48
frame_2220.jpg,796.68,580.68,156.55,167.11
frame_2220.jpg,800.2,392.48,137.2,147.75
frame_2220.jpg,809.0,251.76,138.95,135.44
frame_2220.jpg,828.35,123.36,131.92,123.12
frame_2220.jpg,812.51,31.89,114.34,110.81
frame_2220.jpg,633.1,49.48,131.92,107.3
frame_2220.jpg,638.38,140.94,126.64,121.37
frame_2220.jpg,582.09,257.04,140.72,137.19
frame_2220.jpg,522.29,394.23,207.55,167.11
frame_2220.jpg,451.93,561.34,170.62,163.58
frame_2220.jpg,386.85,788.24,226.9,202.28
frame_2220.jpg,66.72,774.17,260.32,204.04
frame_2220.jpg,232.06,570.13,202.28,168.86
frame_2220.jpg,328.8,413.58,170.62,147.76
frame_2220.jpg,393.88,258.79,147.76,131.93
frame_2220.jpg,425.54,147.98,149.52,117.85
frame_2220.jpg,497.66,35.41,130.16,116.09
frame_2220.jpg,320.01,31.89,126.64,110.81
frame_2220.jpg,272.51,146.22,149.52,121.37
frame_2220.jpg,179.29,267.59,161.82,137.2
frame_2220.jpg,110.69,399.51,188.21,170.62
frame_2220.jpg,0.0,593.0,198.64,179.41
frame_2220.jpg,0.0,765.37,79.03,188.21
frame_2220.jpg,0.0,427.48,100.14,162.0
frame_2220.jpg,0.0,269.35,130.04,160.06
frame_2220.jpg,0.0,167.33,28.02,100.26
frame_2220.jpg,68.48,137.43,154.78,123.12
frame_2220.jpg,165.22,19.58,137.2,110.81
frame_2220.jpg,0.0,24.85,142.35,110.82
frame_2280.jpg,1783.46,782.96,136.54,191.73
frame_2280.jpg,1683.2,564.85,228.66,165.35
frame_2280.jpg,1588.21,376.64,191.73,147.76
frame_2280.jpg,1845.02,352.02,74.98,153.03
frame_2280.jpg,1751.8,221.86,168.2,124.88
frame_2280.jpg,1846.78,104.01,73.22,119.61
frame_2280.jpg,1776.42,1.99,142.48,110.81
frame_2280.jpg,1616.36,12.54,138.96,102.02
frame_2280.jpg,1667.37,102.25,156.55,117.85
frame_2280.jpg,1449.26,0.0,117.85,118.08
frame_2280.jpg,1486.2,116.32,168.86,128.4
frame_2280.jpg,1535.45,244.72,154.78,135.44
frame_2280.jpg,1262.81,21.34,109.05,109.05
frame_2280.jpg,1275.12,128.63,135.44,116.09
frame_2280.jpg,1343.72,260.55,145.99,137.2
frame_2280.jpg,1380.66,399.51,156.55,151.27
frame_2280.jpg,1431.67,570.13,189.97,175.9
frame_2280.jpg,1429.91,763.62,226.9,189.96
frame_2280.jpg,1062.29,772.41,177.65,207.56
frame_2280.jpg,1099.22,577.17,160.07,167.1
frame_2280.jpg,1069.32,364.33,184.69,170.62
frame_2280.jpg,1065.8,221.86,138.96,131.92
frame_2280.jpg,1048.21,118.08,130.17,114.33
frame_2280.jpg,1046.46,24.85,119.61,102.02
frame_2280.jpg,847.69,35.41,117.85,116.09
frame_2280.jpg,867.04,123.36,131.92,128.4
frame_2280.jpg,851.21,253.52,140.72,137.2
frame_2280.jpg,854.73,397.75,131.92,146.0
frame_2280.jpg,852.97,582.44,156.55,163.59
frame_2280.jpg,812.51,781.21,177.66,193.48
frame_2280.jpg,455.45,784.72,218.11,204.08
frame_2280.jpg,508.21,561.34,167.11,167.1
frame_2280.jpg,575.06,392.48,205.79,167.1
frame_2280.jpg,629.58,260.55,137.2,128.41
frame_2280.jpg,677.07,144.46,128.41,123.13
frame_2280.jpg,668.28,51.24,135.44,107.29
frame_2280.jpg,534.6,37.17,131.92,117.85
frame_2280.jpg,466.0,147.98,147.75,117.85
frame_2280.jpg,443.13,257.04,146.0,135.44
frame_2280.jpg,381.57,417.1,168.86,149.51
frame_2280.jpg,293.62,575.41,195.25,165.34
frame_2280.jpg,133.56,775.93,255.04,211.07
frame_2280.jpg,10.43,594.76,239.22,175.89
frame_2280.jpg,0.0,774.17,133.56,204.04
frame_2280.jpg,0.0,431.17,147.63,156.55
frame_2280.jpg,161.7,399.51,186.45,172.38
frame_2280.jpg,230.3,267.59,156.55,138.96
frame_2280.jpg,316.49,146.22,147.75,119.61
frame_2280.jpg,356.94,33.65,124.89,116.09
frame_2280.jpg,207.43,23.09,128.41,109.06
frame_2280.jpg,114.21,139.19,142.47,124.88
frame_2280.jpg,10.43,271.11,161.82,151.27
frame_2280.jpg,0.0,158.36,64.96,121.54
frame_2280.jpg,20.98,23.09,163.59,110.82
frame_2340.jpg,1853.82,781.21,66.18,191.72
frame_2340.jpg,1746.52,564.85,173.48,165.35
frame_2340.jpg,1896.03,381.92,23.97,63.32
frame_2340.jpg,1887.24,109.11,32.76,89.88
frame_2340.jpg,1794.01,220.1,125.99,128.4
frame_2340.jpg,1813.36,0.0,106.64,109.28
frame_2340.jpg,1653.3,9.02,153.03,103.78
frame_2340.jpg,1714.86,102.25,158.31,116.09
frame_2340.jpg,1644.5,380.16,202.28,146.0
frame_2340.jpg,1584.7,242.96,161.82,135.44
frame_2340.jpg,1531.93,118.08,172.38,128.4
frame_2340.jpg,1491.3,1.81,119.78,112.75
frame_2340.jpg,1306.78,21.34,110.82,109.05
frame_2340.jpg,1319.09,126.87,140.72,117.85
frame_2340.jpg,1400.01,262.31,147.75,135.44
frame_2340.jpg,1436.94,392.48,163.59,156.54
frame_2340.jpg,1496.75,573.65,195.24,167.1
frame_2340.jpg,1498.51,761.86,240.98,186.45
frame_2340.jpg,1141.44,772.41,177.65,205.8
frame_2340.jpg,1166.07,575.41,165.34,165.34
frame_2340.jpg,1129.13,360.81,186.45,177.66
frame_2340.jpg,1116.81,221.86,140.72,135.44
frame_2340.jpg,1093.95,114.56,135.44,121.37
frame_2340.jpg,1088.67,24.85,119.61,103.78
frame_2340.jpg,893.43,33.65,117.85,114.33
frame_2340.jpg,919.81,123.36,124.89,124.88
frame_2340.jpg,905.74,250.0,138.96,138.96
frame_2340.jpg,911.02,395.99,138.95,142.48
frame_2340.jpg,928.61,580.68,149.51,163.59
frame_2340.jpg,893.43,784.72,175.89,189.97
frame_2340.jpg,541.64,784.72,209.31,209.32
frame_2340.jpg,580.33,559.58,161.83,170.62
frame_2340.jpg,636.62,394.23,207.56,170.62
frame_2340.jpg,684.11,262.31,133.68,137.2
frame_2340.jpg,729.84,144.46,123.13,124.89
frame_2340.jpg,715.77,49.48,130.16,109.05
frame_2340.jpg,582.09,38.93,126.65,112.57
frame_2340.jpg,517.01,149.74,144.23,114.33
frame_2340.jpg,499.42,258.79,140.72,131.93
frame_2340.jpg,443.13,417.1,163.59,147.75
frame_2340.jpg,369.26,571.89,184.64,170.62
frame_2340.jpg,214.47,777.69,246.25,205.8
frame_2340.jpg,0.0,768.89,216.23,211.08
frame_2340.jpg,82.55,593.0,232.18,188.21
frame_2340.jpg,225.02,397.75,186.45,179.42
frame_2340.jpg,288.35,271.11,149.51,135.44
frame_2340.jpg,367.5,144.46,154.79,126.65
frame_2340.jpg,406.2,35.41,119.6,105.53
frame_2340.jpg,253.17,24.85,128.4,109.06
frame_2340.jpg,172.25,142.7,137.2,123.13
frame_2340.jpg,64.96,278.14,161.82,151.27
frame_2340.jpg,0.0,434.69,209.19,156.55
frame_2340.jpg,0.0,603.55,66.72,175.9
frame_2340.jpg,0.0,286.76,52.64,176.07
frame_2340.jpg,0.0,162.05,114.21,123.13
frame_2340.jpg,68.48,23.09,156.54,112.58
frame_240.jpg,1642.74,795.28,274.4,204.04
frame_240.jpg,1600.53,598.27,204.04,189.97
frame_240.jpg,1546.0,441.73,188.21,154.78
frame_240.jpg,1491.47,297.49,182.93,138.96
frame_240.jpg,1472.12,160.29,140.72,121.37
frame_240.jpg,1422.87,33.65,131.92,109.05
frame_240.jpg,1264.57,28.37,121.36,105.54
frame_240.jpg,1285.67,174.36,128.41,114.34
frame_240.jpg,1285.67,269.35,156.55,138.96
frame_240.jpg,1317.34,397.75,167.1,151.27
frame_240.jpg,1326.13,568.37,182.93,168.86
frame_240.jpg,1343.72,781.21,211.07,189.96
frame_240.jpg,1086.91,784.72,188.21,193.49
frame_240.jpg,1130.89,568.37,172.37,165.34
frame_240.jpg,1106.26,420.62,144.24,151.27
frame_240.jpg,1111.54,262.31,137.2,147.76
frame_240.jpg,1102.74,139.19,135.44,138.95
frame_240.jpg,1099.22,21.34,109.06,107.29
frame_240.jpg,933.88,28.37,102.02,102.02
frame_240.jpg,903.98,137.43,124.89,124.88
frame_240.jpg,879.36,246.48,135.43,138.96
frame_240.jpg,868.8,392.48,140.72,145.99
frame_240.jpg,830.1,566.61,167.11,181.18
frame_240.jpg,803.72,767.13,167.1,189.97
frame_240.jpg,476.55,763.62,212.84,197.0
frame_240.jpg,107.17,772.41,251.53,195.24
frame_240.jpg,209.19,538.47,226.91,182.93
frame_240.jpg,334.08,362.57,197.0,175.9
frame_240.jpg,411.47,220.1,146.0,126.64
frame_240.jpg,599.68,557.82,165.34,165.34
frame_240.jpg,626.07,371.37,163.58,149.51
frame_240.jpg,654.21,257.04,140.72,121.36
frame_240.jpg,685.87,111.04,117.85,119.61
frame_240.jpg,738.64,17.82,100.26,105.54
frame_240.jpg,492.21,0.05,125.06,110.99
frame_240.jpg,453.69,100.49,149.51,121.37
frame_240.jpg,0.0,768.72,89.58,214.77
frame_240.jpg,0.0,522.46,212.71,172.56
frame_240.jpg,112.45,348.5,200.52,172.38
frame_240.jpg,209.19,221.86,163.59,138.95
frame_240.jpg,249.65,102.25,140.71,119.61
frame_240.jpg,295.38,0.05,144.24,110.99
frame_240.jpg,131.62,0.0,144.41,102.25
frame_240.jpg,45.61,93.45,168.86,126.65
frame_240.jpg,0.0,219.92,154.66,125.06
frame_240.jpg,0.0,359.06,91.34,142.47
frame_240.jpg,0.0,0.0,103.65,107.52
frame_300.jpg,1679.68,795.28,240.32,207.55
frame_300.jpg,1632.19,598.27,205.8,189.97
frame_300.jpg,1574.14,441.73,189.97,158.3
frame_300.jpg,1517.86,297.49,181.17,140.72
frame_300.jpg,1494.99,158.53,144.23,124.89
frame_300.jpg,1443.98,33.65,133.68,107.29
frame_300.jpg,1287.43,26.61,116.09,109.06
frame_300.jpg,1315.58,172.61,124.88,119.6
frame_300.jpg,1315.58,271.11,154.78,142.47
frame_300.jpg,1340.2,404.79,174.14,149.51
frame_300.jpg,1357.79,568.37,182.93,174.14
frame_300.jpg,1377.14,781.21,214.59,189.96
frame_300.jpg,1120.33,788.24,191.73,189.97
frame_300.jpg,1162.55,566.61,172.38,167.1
frame_300.jpg,1137.92,424.14,147.75,140.71
frame_300.jpg,1137.92,264.07,140.72,146.0
frame_300.jpg,1127.37,139.19,126.64,133.68
frame_300.jpg,1122.09,24.85,109.06,105.54
frame_300.jpg,956.75,24.85,98.5,107.3
frame_300.jpg,930.36,142.7,121.37,114.34
frame_300.jpg,905.74,250.0,135.44,137.2
frame_300.jpg,898.7,388.96,138.96,147.75
frame_300.jpg,854.73,568.37,175.9,177.66
frame_300.jpg,835.38,767.13,172.38,193.49
frame_300.jpg,513.49,765.37,205.8,197.01
frame_300.jpg,633.1,557.82,160.07,167.1
frame_300.jpg,655.97,373.13,158.3,149.51
frame_300.jpg,680.59,253.52,138.96,121.37
frame_300.jpg,706.98,109.28,123.12,119.61
frame_300.jpg,757.99,17.82,98.5,105.54
frame_300.jpg,144.11,775.93,244.5,195.24
frame_300.jpg,242.61,541.99,221.63,177.65
frame_300.jpg,362.22,366.09,198.76,168.86
frame_300.jpg,437.86,223.62,144.23,126.64
frame_300.jpg,478.31,98.73,146.0,121.37
frame_300.jpg,511.73,5.33,121.37,107.47
frame_300.jpg,316.49,0.0,138.96,109.28
frame_300.jpg,272.51,96.97,140.72,121.37
frame_300.jpg,230.3,225.37,170.62,133.69
frame_300.jpg,138.83,352.02,200.53,170.62
frame_300.jpg,6.91,527.92,233.94,172.37
frame_300.jpg,0.0,770.65,124.76,188.21
frame_300.jpg,0.0,355.36,115.97,146.17
frame_300.jpg,0.0,220.1,177.53,131.92
frame_300.jpg,0.0,116.32,24.5,117.85
frame_300.jpg,68.48,98.73,167.1,119.61
frame_300.jpg,154.49,0.05,142.65,109.23
frame_300.jpg,0.0,0.05,124.76,107.47
frame_300.jpg,0.0,523.52,45.08,147.75
frame_360.jpg,1723.65,793.52,196.35,209.31
frame_360.jpg,1669.13,600.03,214.59,186.45
frame_360.jpg,1609.32,441.73,198.76,154.78
frame_360.jpg,1549.52,297.49,186.45,144.24
frame_360.jpg,1524.89,162.05,144.24,121.37
frame_360.jpg,1470.36,33.65,137.2,110.81
frame_360.jpg,1313.82,28.37,121.37,109.06
frame_360.jpg,1340.2,170.85,126.65,126.64
frame_360.jpg,1345.48,272.87,160.06,135.44
frame_360.jpg,1373.62,401.27,175.9,149.51
frame_360.jpg,1392.97,570.13,188.21,167.1
frame_360.jpg,1415.84,781.21,223.38,191.72
frame_360.jpg,1160.79,788.24,198.76,191.73
frame_360.jpg,1197.73,568.37,175.89,163.58
frame_360.jpg,1171.34,431.17,149.51,137.2
frame_360.jpg,1166.07,264.07,144.23,154.79
frame_360.jpg,1157.27,142.7,137.2,131.93
frame_360.jpg,1146.72,24.85,109.05,102.02
frame_360.jpg,983.13,26.61,102.02,109.06
frame_360.jpg,960.27,137.43,123.12,126.64
frame_360.jpg,939.16,250.0,131.92,138.96
frame_360.jpg,933.88,387.2,140.72,154.79
frame_360.jpg,898.7,568.37,170.62,179.42
frame_360.jpg,879.36,768.89,175.89,189.97
frame_360.jpg,564.5,765.37,193.49,193.49
frame_360.jpg,671.8,556.06,158.3,167.1
frame_360.jpg,694.66,371.37,156.55,153.03
frame_360.jpg,715.77,251.76,131.92,126.64
frame_360.jpg,736.88,111.04,119.61,117.85
frame_360.jpg,786.13,16.06,100.26,116.09
frame_360.jpg,541.64,9.02,119.6,98.5
frame_360.jpg,504.7,102.25,147.75,124.88
frame_360.jpg,469.52,220.1,144.23,131.92
frame_360.jpg,397.4,364.33,191.73,174.14
frame_360.jpg,281.31,541.99,219.87,177.65
frame_360.jpg,189.84,777.69,240.98,193.48
frame_360.jpg,0.0,766.96,165.22,195.42
frame_360.jpg,47.37,524.4,230.42,165.34
frame_360.jpg,0.0,522.64,80.79,168.86
frame_360.jpg,0.0,364.33,147.63,144.24
frame_360.jpg,174.01,350.26,200.52,168.86
frame_360.jpg,267.24,225.37,163.58,130.17
frame_360.jpg,307.69,105.77,131.93,116.09
frame_360.jpg,344.63,0.05,140.72,114.51
frame_360.jpg,177.53,0.0,144.24,112.8
frame_360.jpg,93.1,96.97,172.38,121.37
frame_360.jpg,22.74,218.34,182.93,131.92
frame_360.jpg,0.0,109.11,45.61,119.78
frame_360.jpg,0.0,0.0,151.15,114.56
frame_420.jpg,1771.15,798.79,148.85,204.04
frame_420.jpg,1709.58,603.55,210.42,182.93
frame_420.jpg,1648.02,443.49,207.56,154.78
frame_420.jpg,1591.73,299.25,184.69,142.48
frame_420.jpg,1558.31,162.05,149.51,121.37
frame_420.jpg,1502.03,35.41,138.95,109.05
frame_420.jpg,1345.48,28.37,121.37,110.82
frame_420.jpg,1377.14,174.36,131.92,117.85
frame_420.jpg,1387.69,269.35,156.55,140.72
frame_420.jpg,1421.11,403.03,177.66,151.27
frame_420.jpg,1438.7,570.13,193.49,170.62
frame_420.jpg,1466.85,784.72,233.94,186.45
frame_420.jpg,1215.32,788.24,200.52,189.97
frame_420.jpg,1243.46,568.37,186.45,170.62
frame_420.jpg,1211.8,427.65,154.79,146.0
frame_420.jpg,1210.04,264.07,138.96,147.75
frame_420.jpg,1188.93,140.94,135.44,130.17
frame_420.jpg,1180.14,24.85,107.29,102.02
frame_420.jpg,1016.55,26.61,102.02,112.58
frame_420.jpg,998.96,142.7,121.37,117.85
frame_420.jpg,979.62,250.0,133.68,131.92
frame_420.jpg,976.1,387.2,138.96,151.27
frame_420.jpg,951.47,570.13,163.59,175.9
frame_420.jpg,942.68,765.37,163.58,193.49
frame_420.jpg,617.27,767.13,193.49,189.97
frame_420.jpg,721.05,557.82,156.55,163.58
frame_420.jpg,738.64,374.89,151.27,149.51
frame_420.jpg,752.71,253.52,133.68,123.12
frame_420.jpg,773.82,114.56,112.57,110.81
frame_420.jpg,821.31,19.58,96.74,105.53
frame_420.jpg,569.78,7.26,123.13,100.26
frame_420.jpg,539.88,98.73,147.75,124.89
frame_420.jpg,513.49,218.34,133.68,135.44
frame_420.jpg,444.89,369.61,191.73,172.38
frame_420.jpg,332.32,541.99,216.35,172.37
frame_420.jpg,253.17,774.17,232.18,195.24
frame_420.jpg,0.0,765.37,217.99,198.77
frame_420.jpg,103.65,524.4,223.39,170.62
frame_420.jpg,0.0,522.64,123.0,160.06
frame_420.jpg,0.0,359.06,191.6,144.23
frame_420.jpg,217.99,346.74,197.0,172.38
frame_420.jpg,311.21,225.37,156.55,131.93
frame_420.jpg,61.44,218.34,179.41,130.16
frame_420.jpg,0.0,114.56,91.34,130.16
frame_420.jpg,135.32,96.97,161.82,124.89
frame_420.jpg,342.87,100.49,135.44,117.85
frame_420.jpg,384.91,0.05,130.34,112.75
frame_420.jpg,210.78,0.0,144.41,112.8
frame_420.jpg,19.05,0.05,162.0,110.99
frame_480.jpg,1827.43,800.55,92.57,212.84
frame_480.jpg,1758.83,603.55,161.17,188.21
frame_480.jpg,1695.51,447.0,205.8,154.79
frame_480.jpg,1628.67,299.25,193.49,138.96
frame_480.jpg,1593.49,162.05,151.27,121.37
frame_480.jpg,1533.69,33.65,140.71,109.05
frame_480.jpg,1378.9,30.13,121.37,107.3
frame_480.jpg,1410.56,176.12,137.2,121.37
frame_480.jpg,1429.91,272.87,153.03,142.47
frame_480.jpg,1461.57,406.55,181.17,147.75
frame_480.jpg,1482.68,568.37,202.28,174.14
frame_480.jpg,1517.86,779.45,237.46,195.24
frame_480.jpg,1268.08,790.0,205.8,189.97
frame_480.jpg,1290.95,568.37,186.45,168.86
frame_480.jpg,1252.25,425.9,160.07,144.23
frame_480.jpg,1246.98,265.83,140.71,144.24
frame_480.jpg,1227.63,142.7,137.2,128.41
frame_480.jpg,1209.86,19.4,119.79,112.75
frame_480.jpg,1053.49,26.61,98.5,107.3
frame_480.jpg,1034.14,144.46,121.37,121.37
frame_480.jpg,1021.83,242.96,126.65,144.24
frame_480.jpg,1023.59,388.96,133.68,153.03
frame_480.jpg,1000.72,568.37,165.35,181.17
frame_480.jpg,990.17,767.13,179.41,191.73
frame_480.jpg,677.07,765.37,188.21,195.25
frame_480.jpg,777.34,561.34,151.27,161.82
frame_480.jpg,780.85,371.37,149.51,151.27
frame_480.jpg,794.93,251.76,130.16,126.64
frame_480.jpg,805.48,111.04,117.85,123.13
frame_480.jpg,854.73,21.34,98.5,105.53
frame_480.jpg,604.96,10.78,121.37,103.78
frame_480.jpg,578.57,102.25,140.72,123.12
frame_480.jpg,550.44,223.08,135.59,129.48
frame_480.jpg,485.21,366.97,191.78,173.45
frame_480.jpg,381.38,539.2,212.55,180.78
frame_480.jpg,309.32,778.62,228.42,190.55
frame_480.jpg,6.38,763.96,262.63,197.88
frame_480.jpg,151.62,522.1,218.77,172.23
frame_480.jpg,0.0,522.1,170.07,168.57
frame_480.jpg,258.01,348.65,201.55,173.45
frame_480.jpg,34.48,357.2,196.66,147.8
frame_480.jpg,349.63,225.28,155.13,136.8
frame_480.jpg,377.72,103.13,131.92,117.26
frame_480.jpg,413.14,0.0,134.37,115.34
frame_480.jpg,244.58,5.41,139.25,103.82
frame_480.jpg,172.51,100.68,157.57,118.49
frame_480.jpg,104.1,222.83,177.12,128.26
frame_480.jpg,0.0,242.38,41.81,112.38
frame_480.jpg,0.0,114.12,128.53,128.26
frame_480.jpg,44.25,0.0,168.57,112.9
frame_540.jpg,1873.73,807.06,46.27,142.5
frame_540.jpg,1566.32,784.66,246.33,189.33
frame_540.jpg,1315.91,791.79,212.75,187.29
frame_540.jpg,1038.02,769.39,181.19,188.32
frame_540.jpg,729.59,767.36,187.3,191.37
frame_540.jpg,366.2,777.54,217.83,194.42
frame_540.jpg,59.8,766.34,256.52,195.44
frame_540.jpg,0.0,764.3,58.79,160.83
frame_540.jpg,0.0,524.08,214.53,163.88
frame_540.jpg,198.24,520.0,213.76,178.14
frame_540.jpg,430.33,542.4,205.61,180.17
frame_540.jpg,818.15,559.7,153.71,163.89
frame_540.jpg,1048.2,568.86,161.85,174.07
frame_540.jpg,1329.14,569.88,194.43,162.87
frame_540.jpg,1527.64,567.85,202.56,175.08
frame_540.jpg,1800.44,601.44,119.56,183.22
frame_540.jpg,1729.19,442.64,190.81,153.71
frame_540.jpg,1495.07,401.93,189.33,148.61
frame_540.jpg,1291.48,428.39,165.92,141.49
frame_540.jpg,1064.49,386.66,133.34,150.65
frame_540.jpg,821.21,375.46,147.59,149.63
frame_540.jpg,529.06,365.28,186.28,173.05
frame_540.jpg,302.07,351.03,198.49,172.03
frame_540.jpg,75.07,361.21,192.39,146.58
frame_540.jpg,0.0,242.11,76.1,143.53
frame_540.jpg,139.2,221.75,176.1,130.3
frame_540.jpg,384.52,228.88,157.78,132.33
frame_540.jpg,587.08,224.81,135.39,127.24
frame_540.jpg,832.4,255.35,124.19,126.22
frame_540.jpg,1056.34,236.01,129.28,151.67
frame_540.jpg,1283.34,265.53,142.51,148.61
frame_540.jpg,1461.47,269.6,157.78,144.54
frame_540.jpg,1664.04,299.12,193.4,136.4
frame_540.jpg,1623.32,161.7,156.76,124.18
frame_540.jpg,1445.19,173.91,137.42,115.03
frame_540.jpg,1261.96,143.38,129.28,130.29
frame_540.jpg,1067.54,140.32,122.15,121.13
frame_540.jpg,842.58,112.84,112.99,117.06
frame_540.jpg,612.53,101.64,139.46,123.17
frame_540.jpg,409.97,103.68,131.31,117.06
frame_540.jpg,208.42,99.61,158.79,123.16
frame_540.jpg,9.82,113.86,147.7,128.25
frame_540.jpg,0.0,19.19,35.37,94.67
frame_540.jpg,79.14,0.0,164.91,114.87
frame_540.jpg,278.66,4.94,135.38,103.83
frame_540.jpg,441.52,2.9,135.39,107.9
frame_540.jpg,635.94,12.06,116.05,97.72
frame_540.jpg,883.3,19.19,97.72,104.85
frame_540.jpg,1078.74,26.32,101.79,106.88
frame_540.jpg,1239.57,23.26,116.04,102.81
frame_540.jpg,1405.49,26.32,125.2,110.95
frame_540.jpg,1563.27,34.46,144.54,106.88
frame_60.jpg,1541.48,792.6,260.59,206.64
frame_60.jpg,1247.3,780.39,197.48,188.31
frame_60.jpg,986.72,787.51,179.15,191.37
frame_60.jpg,690.5,766.14,175.09,190.35
frame_60.jpg,366.81,764.1,222.92,196.5
frame_60.jpg,0.0,776.42,258.91,191.37
frame_60.jpg,0.0,526.01,128.62,173.05
frame_60.jpg,115.38,540.26,228.02,181.19
frame_60.jpg,502.19,556.55,176.1,163.88
frame_60.jpg,732.24,567.74,177.12,176.1
frame_60.jpg,1041.69,567.74,165.92,165.92
frame_60.jpg,1239.16,567.74,169.99,170.0
frame_60.jpg,1509.93,598.28,193.4,187.3
frame_60.jpg,1463.1,442.54,184.25,152.69
frame_60.jpg,1233.05,400.81,162.87,145.56
frame_60.jpg,1029.47,424.12,136.4,147.59
frame_60.jpg,783.14,373.32,146.57,159.82
frame_60.jpg,544.94,369.25,163.89,150.65
frame_60.jpg,248.73,362.02,201.55,176.1
frame_60.jpg,24.79,348.79,210.71,176.1
frame_60.jpg,0.0,391.54,15.63,42.76
frame_60.jpg,0.0,215.44,82.81,130.3
frame_60.jpg,127.6,224.61,177.11,132.32
frame_60.jpg,334.23,219.52,154.73,130.29
frame_60.jpg,579.55,250.05,141.49,131.31
frame_60.jpg,807.57,235.8,137.41,153.71
frame_60.jpg,1033.54,265.32,140.47,146.58
frame_60.jpg,1213.71,270.41,154.73,138.44
frame_60.jpg,1418.31,297.89,175.09,138.44
frame_60.jpg,1407.12,159.46,132.33,118.08
frame_60.jpg,1220.84,176.76,118.08,119.1
frame_60.jpg,1031.51,141.14,129.27,135.38
frame_60.jpg,837.08,138.08,127.24,123.17
frame_60.jpg,615.18,110.6,127.24,121.13
frame_60.jpg,385.13,99.4,149.63,124.19
frame_60.jpg,178.49,98.49,149.64,123.16
frame_60.jpg,0.0,95.43,152.03,119.1
frame_60.jpg,0.0,0.66,47.18,96.81
frame_60.jpg,62.45,0.0,150.65,106.63
frame_60.jpg,232.44,0.0,144.55,109.68
frame_60.jpg,425.85,8.91,133.34,103.83
frame_60.jpg,676.25,17.05,103.83,108.92
frame_60.jpg,872.71,27.23,99.76,103.83
frame_60.jpg,1039.65,22.14,102.81,104.85
frame_60.jpg,1205.57,29.27,108.92,106.88
frame_60.jpg,1362.33,33.34,130.29,110.95
frame_600.jpg,1853.15,601.2,66.85,170.5
frame_600.jpg,1624.12,781.88,252.78,190.86
frame_600.jpg,1369.64,788.67,222.26,190.86
frame_600.jpg,1091.33,768.31,193.4,188.31
frame_600.jpg,791.04,764.91,183.23,194.26
frame_600.jpg,426.29,774.25,216.31,195.94
frame_600.jpg,123.46,764.07,248.54,195.94
frame_600.jpg,0.0,758.13,113.36,193.4
frame_600.jpg,53.9,521.46,207.83,168.81
frame_600.jpg,249.0,526.55,211.22,166.26
frame_600.jpg,483.97,542.67,200.19,177.29
frame_600.jpg,871.63,559.63,156.08,163.72
frame_600.jpg,1100.66,569.81,162.86,174.75
frame_600.jpg,1379.74,568.97,200.19,164.56
frame_600.jpg,1576.53,570.66,208.67,171.35
frame_600.jpg,1776.72,442.57,143.28,151.0
frame_600.jpg,1539.21,401.86,193.4,150.14
frame_600.jpg,1334.86,423.06,173.9,148.45
frame_600.jpg,1109.14,389.13,137.42,150.15
frame_600.jpg,869.17,373.87,149.29,148.44
frame_600.jpg,575.67,368.78,187.46,170.5
frame_600.jpg,350.88,349.27,190.86,174.74
frame_600.jpg,126.09,359.44,186.62,147.6
frame_600.jpg,0.0,362.75,38.72,152.78
frame_600.jpg,0.0,234.75,115.91,141.66
frame_600.jpg,185.47,220.33,173.89,131.48
frame_600.jpg,428.07,227.96,151.84,132.33
frame_600.jpg,632.42,225.42,129.78,123.0
frame_600.jpg,876.72,251.72,124.69,128.93
frame_600.jpg,1100.66,236.45,125.54,151.84
frame_600.jpg,1326.38,264.44,142.51,146.75
frame_600.jpg,1507.91,268.68,155.23,142.51
frame_600.jpg,1707.25,298.37,199.34,139.12
frame_600.jpg,1665.6,162.65,159.47,119.6
frame_600.jpg,1481.53,171.98,144.2,118.76
frame_600.jpg,1301.7,143.99,131.48,128.08
frame_600.jpg,1111.68,139.74,117.06,122.15
frame_600.jpg,880.96,111.75,111.97,122.15
frame_600.jpg,651.93,103.27,138.26,122.15
frame_600.jpg,452.58,102.42,126.4,116.21
frame_600.jpg,246.46,100.72,156.08,123.85
frame_600.jpg,51.44,115.99,143.36,130.64
frame_600.jpg,0.0,20.14,72.65,111.97
frame_600.jpg,115.06,0.0,165.41,115.15
frame_600.jpg,312.71,4.02,135.72,109.43
frame_600.jpg,481.43,3.17,131.48,106.04
frame_600.jpg,675.68,12.51,111.12,98.39
frame_600.jpg,917.43,20.14,102.67,105.19
frame_600.jpg,1114.23,26.93,106.03,106.03
frame_600.jpg,1274.64,22.68,118.75,102.64
frame_600.jpg,1439.2,27.77,127.24,106.89
frame_600.jpg,1596.13,37.11,150.14,105.18
frame_660.jpg,1701.09,780.59,218.91,191.37
frame_660.jpg,1443.56,789.75,232.08,193.41
frame_660.jpg,1166.69,769.39,198.49,191.37
frame_660.jpg,870.47,765.32,176.1,192.39
frame_660.jpg,511.15,775.6,204.6,193.41
frame_660.jpg,207.81,764.41,242.26,200.52
frame_660.jpg,0.0,751.17,188.47,199.51
frame_660.jpg,0.0,599.4,14.41,38.68
frame_660.jpg,125.36,518.99,199.51,172.02
frame_660.jpg,318.76,524.08,207.66,167.95
frame_660.jpg,555.94,541.38,196.45,178.14
frame_660.jpg,943.76,560.72,152.69,161.85
frame_660.jpg,1169.74,569.88,161.85,173.05
frame_660.jpg,1447.63,569.98,205.62,164.91
frame_660.jpg,1644.09,566.93,213.76,175.08
frame_660.jpg,1839.53,440.61,80.47,152.68
frame_660.jpg,1599.3,398.87,198.49,153.71
frame_660.jpg,1394.7,421.27,179.15,149.63
frame_660.jpg,1166.69,387.68,143.52,151.66
frame_660.jpg,932.57,373.53,141.49,146.58
frame_660.jpg,637.37,365.38,182.21,174.07
frame_660.jpg,411.39,348.99,191.37,176.1
frame_660.jpg,191.52,360.19,179.16,147.6
frame_660.jpg,0.0,375.46,100.93,147.6
frame_660.jpg,0.0,239.06,168.11,142.51
frame_660.jpg,246.49,216.67,163.88,131.31
frame_660.jpg,488.75,226.84,145.57,131.32
frame_660.jpg,688.27,223.79,126.22,128.26
frame_660.jpg,935.62,251.27,118.08,132.33
frame_660.jpg,1152.43,234.99,129.28,151.67
frame_660.jpg,1383.5,264.51,139.46,149.63
frame_660.jpg,1561.64,269.6,159.81,142.51
frame_660.jpg,1762.17,300.13,157.83,134.37
frame_660.jpg,1713.31,162.72,163.88,120.11
frame_660.jpg,1531.1,172.89,149.63,118.08
frame_660.jpg,1349.91,142.36,133.35,134.36
frame_660.jpg,1158.54,140.32,124.19,122.15
frame_660.jpg,1645.11,32.42,148.61,112.99
frame_660.jpg,1481.22,27.33,136.4,109.94
frame_660.jpg,1317.34,22.24,123.16,104.85
frame_660.jpg,1156.51,25.3,111.97,109.93
frame_660.jpg,958.01,19.29,107.9,104.85
frame_660.jpg,931.55,112.94,108.91,115.02
frame_660.jpg,719.82,12.17,114.01,98.73
frame_660.jpg,703.53,107.85,131.32,111.97
frame_660.jpg,504.02,104.8,120.12,116.04
frame_660.jpg,527.43,4.02,133.35,104.85
frame_660.jpg,301.46,100.62,149.63,121.13
frame_660.jpg,360.5,5.96,133.34,104.84
frame_660.jpg,163.02,0.0,157.78,119.96
frame_660.jpg,102.96,115.89,142.51,130.29
frame_660.jpg,0.0,120.98,25.6,96.7
frame_660.jpg,0.0,15.12,115.18,112.99
frame_720.jpg,1753.72,781.91,166.28,195.44
frame_720.jpg,1503.31,792.09,234.12,185.26
frame_720.jpg,1223.38,769.7,203.62,191.37
frame_720.jpg,934.3,766.75,173.04,195.44
frame_720.jpg,571.92,775.91,200.53,195.44
frame_720.jpg,269.6,765.73,231.06,196.46
frame_720.jpg,0.0,749.44,243.13,201.55
frame_720.jpg,0.0,570.19,61.94,163.88
frame_720.jpg,177.98,521.33,196.46,168.97
frame_720.jpg,374.44,524.38,200.53,171.01
frame_720.jpg,607.54,542.7,191.36,179.16
frame_720.jpg,994.35,557.97,156.76,166.94
frame_720.jpg,1221.35,569.17,163.88,178.13
frame_720.jpg,1494.15,567.13,211.73,170.0
frame_720.jpg,1691.62,567.13,222.93,177.12
frame_720.jpg,1884.01,442.03,35.99,143.53
frame_720.jpg,1801.56,297.49,118.44,138.43
frame_720.jpg,1644.8,402.33,202.57,151.67
frame_720.jpg,1440.2,424.73,182.21,145.56
frame_720.jpg,1214.22,385.94,144.55,152.69
frame_720.jpg,979.08,374.75,140.48,149.63
frame_720.jpg,683.89,366.6,181.19,174.07
frame_720.jpg,458.93,351.44,185.26,172.02
frame_720.jpg,240.08,360.5,175.08,144.54
frame_720.jpg,0.0,380.86,142.36,144.54
frame_720.jpg,14.1,240.38,198.49,140.48
frame_720.jpg,284.87,223.08,165.92,127.24
frame_720.jpg,530.18,228.17,142.51,133.34
frame_720.jpg,730.71,225.22,122.15,124.18
frame_720.jpg,978.07,252.7,119.09,130.29
frame_720.jpg,1194.88,236.41,131.31,152.69
frame_720.jpg,1424.93,263.9,145.56,146.58
frame_720.jpg,1604.08,268.99,159.82,144.54
frame_720.jpg,1751.68,163.12,164.9,121.13
frame_720.jpg,1568.46,173.3,153.7,121.13
frame_720.jpg,1387.27,142.76,137.42,128.26
frame_720.jpg,1198.95,138.69,122.15,117.06
frame_720.jpg,970.94,109.17,109.94,118.08
frame_720.jpg,741.91,104.08,130.29,121.14
frame_720.jpg,541.38,105.1,121.13,114.01
frame_720.jpg,337.8,101.03,151.67,120.11
frame_720.jpg,143.38,115.28,139.45,128.26
frame_720.jpg,0.0,120.37,61.94,118.08
frame_720.jpg,0.0,12.47,150.5,114.01
frame_720.jpg,201.4,0.0,153.7,116.3
frame_720.jpg,396.84,5.35,130.29,107.9
frame_720.jpg,562.76,3.31,128.25,107.9
frame_720.jpg,757.18,11.45,106.88,104.85
frame_720.jpg,997.41,16.54,102.81,107.9
frame_720.jpg,1190.81,25.7,114.01,110.96
frame_720.jpg,1354.69,21.63,121.14,102.81
frame_720.jpg,1515.53,28.76,136.4,106.88
frame_720.jpg,1678.39,33.85,147.6,110.95
frame_780.jpg,1823.29,782.81,96.71,190.01
frame_780.jpg,1567.12,787.05,248.54,191.71
frame_780.jpg,1287.19,770.09,216.31,190.01
frame_780.jpg,1008.11,765.0,173.05,195.1
frame_780.jpg,650.99,774.33,189.17,196.8
frame_780.jpg,346.47,765.85,223.09,195.1
frame_780.jpg,49.57,750.58,261.27,199.34
frame_780.jpg,0.0,837.1,7.16,39.87
frame_780.jpg,0.0,569.9,123.37,161.17
frame_780.jpg,246.4,525.79,185.74,167.11
frame_780.jpg,440.62,523.24,193.41,170.51
frame_780.jpg,674.74,542.75,184.08,175.59
frame_780.jpg,1054.77,560.57,162.86,163.71
frame_780.jpg,1282.1,568.2,172.2,178.99
frame_780.jpg,1558.63,569.9,215.46,165.41
frame_780.jpg,1753.73,569.05,166.27,176.44
frame_780.jpg,1697.75,401.09,211.22,152.69
frame_780.jpg,1498.41,424.0,185.77,147.6
frame_780.jpg,1268.53,385.83,150.14,152.68
frame_780.jpg,1038.65,372.25,139.11,150.99
frame_780.jpg,742.61,367.16,177.28,173.05
frame_780.jpg,516.12,351.9,182.38,173.04
frame_780.jpg,298.96,362.92,170.5,143.36
frame_780.jpg,0.0,380.74,196.32,148.44
frame_780.jpg,0.0,267.07,52.97,122.15
frame_780.jpg,70.78,239.92,192.56,140.82
frame_780.jpg,341.38,223.81,158.62,128.09
frame_780.jpg,583.98,228.05,140.81,135.72
frame_780.jpg,783.32,222.96,122.15,128.94
frame_780.jpg,1029.32,251.8,120.45,130.63
frame_780.jpg,1249.02,238.23,131.48,148.44
frame_780.jpg,1478.05,264.52,145.05,147.6
frame_780.jpg,1657.03,267.92,160.32,148.44
frame_780.jpg,1852.13,301.0,67.87,148.45
frame_780.jpg,1796.15,161.88,123.85,123.85
frame_780.jpg,1617.16,172.91,156.08,121.3
frame_780.jpg,1432.24,143.22,140.81,132.33
frame_780.jpg,1246.47,138.13,123.0,123.0
frame_780.jpg,1019.14,111.84,106.88,119.6
frame_780.jpg,787.56,104.2,132.33,118.76
frame_780.jpg,590.77,106.75,117.9,112.82
frame_780.jpg,386.33,101.66,145.06,123.0
frame_780.jpg,192.93,115.23,139.12,134.03
frame_780.jpg,0.0,119.47,109.8,117.06
frame_780.jpg,29.22,11.74,165.41,117.06
frame_780.jpg,242.98,0.0,155.23,117.77
frame_780.jpg,440.62,7.5,125.55,106.03
frame_780.jpg,606.88,5.8,123.0,104.34
frame_780.jpg,801.98,11.74,100.95,102.64
frame_780.jpg,1038.65,18.53,108.55,107.73
frame_780.jpg,1234.6,25.31,114.51,108.58
frame_780.jpg,1393.22,21.07,128.09,104.34
frame_780.jpg,1558.63,26.16,137.42,110.28
frame_780.jpg,1717.26,34.65,156.93,107.72
frame_840.jpg,1899.21,810.47,20.79,83.97
frame_840.jpg,1649.82,789.3,254.48,189.97
frame_840.jpg,1368.2,766.36,227.33,191.7
frame_840.jpg,1091.67,764.66,181.52,192.56
frame_840.jpg,741.33,777.38,178.99,191.71
frame_840.jpg,438.5,763.81,211.22,196.8
frame_840.jpg,141.61,749.39,246.0,200.19
frame_840.jpg,0.0,798.59,88.17,191.71
frame_840.jpg,0.0,569.56,194.2,162.02
frame_840.jpg,323.99,525.45,179.83,163.71
frame_840.jpg,516.54,525.45,189.17,171.35
frame_840.jpg,753.21,543.26,175.59,178.99
frame_840.jpg,1125.6,559.38,169.65,164.56
frame_840.jpg,1354.63,569.56,178.13,178.13
frame_840.jpg,1627.77,568.71,223.94,170.5
frame_840.jpg,1822.87,568.71,97.13,167.96
frame_840.jpg,1764.34,402.45,155.66,149.3
frame_840.jpg,1561.6,423.66,192.56,147.6
frame_840.jpg,1333.42,389.73,156.93,146.75
frame_840.jpg,1105.24,373.61,142.51,150.14
frame_840.jpg,810.04,368.52,178.14,174.74
frame_840.jpg,583.56,350.71,181.52,174.74
frame_840.jpg,369.79,362.58,162.02,142.51
frame_840.jpg,64.42,382.09,195.1,146.75
frame_840.jpg,0.0,410.93,32.19,99.25
frame_840.jpg,0.0,260.79,111.92,138.27
frame_840.jpg,134.82,242.13,186.62,139.96
frame_840.jpg,402.03,222.62,157.77,130.63
frame_840.jpg,647.18,230.25,133.17,132.33
frame_840.jpg,843.12,226.01,120.46,127.24
frame_840.jpg,1089.12,251.46,126.39,131.48
frame_840.jpg,1306.28,237.89,132.32,149.29
frame_840.jpg,1538.7,265.03,146.75,146.75
frame_840.jpg,1718.53,268.43,162.02,147.59
frame_840.jpg,1853.41,160.7,66.59,121.3
frame_840.jpg,1671.03,171.72,163.71,123.0
frame_840.jpg,1491.2,142.04,138.26,131.48
frame_840.jpg,1302.03,136.1,123.85,123.0
frame_840.jpg,1073.85,110.65,108.58,119.6
frame_840.jpg,843.97,103.02,128.09,122.14
frame_840.jpg,647.18,106.41,114.51,117.06
frame_840.jpg,441.9,103.02,143.35,119.6
frame_840.jpg,246.8,114.04,139.11,134.03
frame_840.jpg,7.59,119.13,153.53,122.15
frame_840.jpg,0.0,23.28,34.73,91.61
frame_840.jpg,79.69,11.4,166.26,117.91
frame_840.jpg,296.84,0.0,149.3,117.44
frame_840.jpg,495.34,7.16,122.99,109.43
frame_840.jpg,657.35,6.31,122.15,106.88
frame_840.jpg,851.61,13.95,106.03,105.18
frame_840.jpg,1086.58,19.89,111.12,107.72
frame_840.jpg,1281.7,27.52,119.6,107.73
frame_840.jpg,1441.15,21.58,132.33,106.03
frame_840.jpg,1606.56,25.82,143.36,111.13
frame_840.jpg,1766.88,34.31,153.12,107.73
frame_900.jpg,1704.02,787.41,215.98,191.78
frame_900.jpg,1423.08,766.64,229.64,193.0
frame_900.jpg,1145.8,764.2,186.89,194.22
frame_900.jpg,798.89,775.2,179.56,192.99
frame_900.jpg,498.4,765.42,206.44,196.66
frame_900.jpg,202.8,748.32,241.86,200.33
frame_900.jpg,0.0,791.07,147.83,201.55
frame_900.jpg,11.03,565.1,230.86,167.34
frame_900.jpg,377.48,521.12,172.23,168.57
frame_900.jpg,568.03,527.23,184.45,169.79
frame_900.jpg,802.56,540.67,175.89,180.78
frame_900.jpg,1172.67,558.99,173.45,168.57
frame_900.jpg,1402.31,567.54,182.01,180.78
frame_900.jpg,1674.71,568.76,228.42,173.45
frame_900.jpg,1867.7,569.98,52.3,166.13
frame_900.jpg,1805.4,400.2,114.6,151.46
frame_900.jpg,1605.08,423.4,196.66,150.25
frame_900.jpg,1374.22,385.54,163.68,153.91
frame_900.jpg,1147.02,373.32,144.14,152.69
frame_900.jpg,856.3,367.21,173.46,168.57
frame_900.jpg,627.88,351.34,179.56,173.45
frame_900.jpg,415.34,362.33,160.02,145.36
frame_900.jpg,112.41,381.87,193.0,146.58
frame_900.jpg,0.0,405.08,75.77,149.02
frame_900.jpg,0.0,258.5,152.72,140.47
frame_900.jpg,175.93,240.18,184.44,141.69
frame_900.jpg,443.44,225.52,151.46,128.26
frame_900.jpg,687.74,230.41,129.47,129.48
frame_900.jpg,883.18,226.74,119.7,128.26
frame_900.jpg,1128.7,249.95,128.25,134.37
frame_900.jpg,1346.12,231.63,133.15,153.91
frame_900.jpg,1575.77,265.83,150.24,146.58
frame_900.jpg,1758.99,269.5,161.01,149.02
frame_900.jpg,1886.03,158.34,33.97,124.59
frame_900.jpg,1705.24,173.0,164.91,120.93
frame_900.jpg,1526.91,141.24,139.25,128.26
frame_900.jpg,1338.79,141.24,123.38,114.82
frame_900.jpg,1107.93,111.92,112.38,119.71
frame_900.jpg,881.95,105.81,127.04,116.05
frame_900.jpg,685.29,108.26,111.16,114.82
frame_900.jpg,478.86,103.37,140.47,122.15
frame_900.jpg,287.08,119.25,134.37,127.04
frame_900.jpg,42.79,122.92,155.13,114.82
frame_900.jpg,0.0,21.41,64.77,113.72
frame_900.jpg,118.52,15.42,158.79,113.6
frame_900.jpg,329.84,0.0,147.8,120.47
frame_900.jpg,527.72,6.87,120.93,106.27
frame_900.jpg,695.07,5.65,119.7,107.49
frame_900.jpg,886.84,12.98,98.94,105.05
frame_900.jpg,1118.93,17.87,111.15,106.27
frame_900.jpg,1314.36,25.2,123.38,107.49
frame_900.jpg,1471.94,20.31,135.58,107.49
frame_900.jpg,1636.84,27.64,146.58,112.38
frame_900.jpg,1799.3,34.97,120.7,108.71
frame_960.jpg,1765.02,788.12,154.98,190.35
frame_960.jpg,1483.05,762.68,238.2,194.42
frame_960.jpg,1209.23,762.68,188.32,195.43
frame_960.jpg,868.23,773.87,175.08,193.41
frame_960.jpg,567.95,764.71,196.46,195.44
frame_960.jpg,271.73,748.42,234.13,199.52
frame_960.jpg,0.0,790.16,207.61,198.49
frame_960.jpg,0.0,585.56,37.61,114.0
frame_960.jpg,74.26,568.25,223.94,164.91
frame_960.jpg,438.67,523.46,164.9,165.93
frame_960.jpg,627.0,526.52,181.18,167.95
frame_960.jpg,862.13,543.82,172.02,175.08
frame_960.jpg,1227.56,558.07,178.13,162.87
frame_960.jpg,1456.59,567.24,187.29,179.15
frame_960.jpg,1726.34,565.2,193.66,168.97
frame_960.jpg,1852.56,402.33,67.44,149.64
frame_960.jpg,1653.04,422.69,203.56,145.56
frame_960.jpg,1423.0,387.06,166.93,149.64
frame_960.jpg,1198.04,371.8,145.56,150.65
frame_960.jpg,907.93,366.71,172.03,172.02
frame_960.jpg,676.86,349.4,180.18,173.05
frame_960.jpg,468.19,361.62,153.71,145.56
frame_960.jpg,167.91,384.01,185.26,141.49
frame_960.jpg,0.0,395.21,128.21,156.76
frame_960.jpg,0.0,255.75,198.44,140.48
frame_960.jpg,224.91,240.48,182.21,141.49
frame_960.jpg,491.6,223.18,147.6,130.29
frame_960.jpg,735.9,231.32,126.23,131.31
frame_960.jpg,928.29,223.18,120.11,127.24
frame_960.jpg,1172.59,252.7,131.31,128.26
frame_960.jpg,1390.42,232.34,137.42,155.74
frame_960.jpg,1621.49,264.91,154.72,145.57
frame_960.jpg,1801.66,271.02,118.34,142.51
frame_960.jpg,1745.68,171.27,168.97,123.16
frame_960.jpg,1569.58,140.73,139.45,132.33
frame_960.jpg,1379.23,136.66,127.24,123.16
frame_960.jpg,1147.14,112.23,118.08,115.02
frame_960.jpg,923.2,102.05,125.2,122.15
frame_960.jpg,727.76,107.14,109.94,114.0
frame_960.jpg,523.16,104.08,138.44,115.03
frame_960.jpg,326.7,119.35,138.44,127.24
frame_960.jpg,88.51,120.37,150.65,117.06
frame_960.jpg,0.0,128.41,17.26,84.59
frame_960.jpg,0.0,16.54,104.8,114.01
frame_960.jpg,159.76,13.49,155.74,116.04
frame_960.jpg,370.47,0.0,145.56,119.35
frame_960.jpg,567.95,7.38,117.06,107.9
frame_960.jpg,732.85,5.35,117.06,104.84
frame_960.jpg,924.22,13.49,99.75,104.84
frame_960.jpg,1157.32,16.54,112.99,104.85
frame_960.jpg,1348.69,24.69,125.2,106.88
frame_960.jpg,1510.54,20.61,137.42,107.9
frame_960.jpg,1676.46,29.78,146.58,101.79
frame_960.jpg,1835.25,35.88,84.75,106.88
