gender,tenure,phone_services,internet_services,contract_duration,payment_method,number_customer_service_calls,phone_min,internet_min,phone_monthly_charges,internet_monthly_charges,avg_monthly_bill,churn,trigger_point,churn_surv,uuid,trigger_price,trigger_quality,trigger_external,cluster,treatment,churn_after_treatment
Female,1,1,1,short-term,mail,1,113.25836027011998,1561.8705736179108,19.256084584724256,32.30452512521708,23.168,1,1.0,0.0,8b07dbd8-fde5-11ec-bf37-0242ac1c0002,0,0,1,8,upgrade_package,1
Male,1,1,1,short-term,email,4,123.2332728682539,2956.3651034408995,20.9527410632595,28.039147862452925,26.322,1,1.0,0.0,8b07dcbe-fde5-11ec-bf37-0242ac1c0002,0,0,1,5,upgrade_package,1
Male,1,1,1,short-term,automatic transfer,3,117.93124300261388,3022.7598581019183,20.051495779148304,29.546308531884,23.493,1,0.0,1.0,8b07ddb8-fde5-11ec-bf37-0242ac1c0002,0,1,0,5,upgrade_package,1
Male,1,0,1,short-term,automatic transfer,0,0.0,1744.1876207647645,0.0,14.553772365524967,15.729,1,1.0,0.0,8b07e024-fde5-11ec-bf37-0242ac1c0002,1,0,0,9,upgrade_package,1
Female,1,1,1,short-term,mail,1,114.86863579877256,1708.0225591998912,19.530433231739487,7.7554394559150595,13.073,1,0.0,1.0,8b07e420-fde5-11ec-bf37-0242ac1c0002,0,1,0,8,upgrade_package,1
Female,1,1,1,short-term,email,3,125.08452029273091,2848.133025376093,21.26679031033428,16.231339878664336,20.224,1,1.0,0.0,8b07e7c2-fde5-11ec-bf37-0242ac1c0002,0,0,1,8,upgrade_package,1
Male,1,0,1,short-term,email,4,0.0,3153.2290923683418,0.0,29.874591762291853,24.971,1,0.0,1.0,8b07e8da-fde5-11ec-bf37-0242ac1c0002,0,1,0,9,upgrade_package,1
Male,1,1,1,short-term,email,6,121.21424441424637,3526.4893784525807,20.60930696587897,30.33385919418564,25.681,1,0.0,1.0,8b07e952-fde5-11ec-bf37-0242ac1c0002,0,0,1,5,upgrade_package,1
Male,1,1,1,short-term,automatic transfer,5,113.06047339639566,3407.3930848879218,19.22351766677512,25.16694303252749,20.898,1,1.0,0.0,8b07edda-fde5-11ec-bf37-0242ac1c0002,1,0,0,5,upgrade_package,1
Male,1,0,1,short-term,email,3,0.0,1202.4630239327162,0.0,27.532780797041564,23.716,1,1.0,0.0,8b07f5c8-fde5-11ec-bf37-0242ac1c0002,0,0,1,9,upgrade_package,1
Female,1,1,1,short-term,email,3,120.14331727426196,5091.102135553643,20.427324631663662,30.32426278244725,22.335,1,0.0,1.0,8b07ff28-fde5-11ec-bf37-0242ac1c0002,0,1,0,8,upgrade_package,1
Female,1,0,1,short-term,email,1,0.0,2946.2253521042403,0.0,11.075443290641264,14.467,1,1.0,0.0,8b0800ae-fde5-11ec-bf37-0242ac1c0002,0,0,1,9,upgrade_package,1
Male,1,0,1,short-term,mail,1,0.0,3289.4754344779767,0.0,23.19236614271748,21.72,1,1.0,0.0,8b08054a-fde5-11ec-bf37-0242ac1c0002,0,0,1,9,upgrade_package,1
Female,1,0,1,short-term,mail,2,0.0,3604.82301172846,0.0,26.01487430831917,24.862,1,1.0,0.0,8b0806b2-fde5-11ec-bf37-0242ac1c0002,1,0,0,9,upgrade_package,1
Female,1,1,1,short-term,mail,1,113.33822027061224,947.400979957424,19.27044560675997,5.253403683449555,12.582,1,0.0,1.0,8b080d92-fde5-11ec-bf37-0242ac1c0002,0,1,0,8,upgrade_package,1
Male,1,1,1,short-term,email,5,121.84458919126682,3940.924097486911,20.71647989194982,32.53164976372389,27.63,1,1.0,0.0,8b080e8c-fde5-11ec-bf37-0242ac1c0002,0,1,0,5,upgrade_package,1
Female,1,1,1,short-term,automatic transfer,4,115.59695262543563,2857.995684003821,19.654163675159385,19.91621146997237,18.465,1,1.0,0.0,8b08174c-fde5-11ec-bf37-0242ac1c0002,1,0,0,8,upgrade_package,1
Male,1,0,1,short-term,mail,1,0.0,488.8024742999471,0.0,4.498295190341313,11.884,1,1.0,0.0,8b081a3a-fde5-11ec-bf37-0242ac1c0002,0,0,1,9,upgrade_package,1
Male,1,1,1,short-term,email,0,123.24425317394704,2697.825285259468,20.95442954882323,23.14336798341936,23.528,1,1.0,0.0,8b081b20-fde5-11ec-bf37-0242ac1c0002,0,0,1,5,upgrade_package,1
Female,1,1,1,short-term,mail,2,107.08251504458794,3551.986207847356,18.206097651381693,35.21271271612848,25.426,1,1.0,0.0,8b081f44-fde5-11ec-bf37-0242ac1c0002,0,0,1,8,upgrade_package,1
Female,1,1,1,short-term,email,3,118.80122743673036,2558.000531561832,20.1984691323146,22.760449062447435,22.813,1,1.0,0.0,8b082034-fde5-11ec-bf37-0242ac1c0002,0,0,1,8,upgrade_package,1
Male,1,1,1,short-term,email,4,115.1575480479236,4745.154425895147,19.579211688982667,40.106644774573056,29.649,1,1.0,0.0,8b082318-fde5-11ec-bf37-0242ac1c0002,0,0,1,5,upgrade_package,1
Female,1,1,1,short-term,mail,1,119.09222161907216,2764.564218998484,20.2483729770725,26.43023557354903,21.967,1,1.0,0.0,8b082476-fde5-11ec-bf37-0242ac1c0002,0,0,1,8,upgrade_package,1
Male,1,1,1,short-term,email,6,120.84318799872118,3864.226826246381,20.545965346049176,37.17679180165499,26.994,1,1.0,0.0,8b082642-fde5-11ec-bf37-0242ac1c0002,1,0,0,5,upgrade_package,1
Male,1,1,1,short-term,mail,0,117.5264692453797,4067.784912596594,19.981913936551763,32.98641932308495,24.158,1,0.0,1.0,8b08280e-fde5-11ec-bf37-0242ac1c0002,0,1,0,5,upgrade_package,1
Female,1,1,1,short-term,mail,1,120.11303943385587,6853.033969621581,20.42176381182736,64.83899842010933,43.347,1,1.0,0.0,8b084064-fde5-11ec-bf37-0242ac1c0002,1,0,0,8,upgrade_package,1
Female,1,1,1,short-term,mail,2,118.89863475969496,4856.963898715688,20.214965263688416,48.06711468942648,34.601,1,0.0,1.0,8b08449c-fde5-11ec-bf37-0242ac1c0002,0,1,0,8,upgrade_package,1
Male,1,1,1,short-term,email,1,120.29970493214502,6509.875650928652,20.453781239480342,54.37899125902395,37.744,1,0.0,1.0,8b08485c-fde5-11ec-bf37-0242ac1c0002,1,1,0,5,upgrade_package,1
Male,1,1,1,short-term,mail,2,116.06709055760292,3404.5538352454832,19.73402762340369,50.58052424121623,36.11,1,0.0,1.0,8b08494c-fde5-11ec-bf37-0242ac1c0002,1,0,0,5,upgrade_package,1
Female,1,1,1,short-term,email,3,116.38609508722467,6806.424127460143,19.78796019364105,81.61591707810805,50.503,1,1.0,0.0,8b0849e2-fde5-11ec-bf37-0242ac1c0002,1,0,0,7,upgrade_package,1
Male,1,1,1,short-term,email,1,113.52695025552596,6856.581444824738,19.302095188224516,69.81259697501967,44.041,1,1.0,0.0,8b084ac8-fde5-11ec-bf37-0242ac1c0002,0,1,0,5,upgrade_package,1
Female,1,1,1,short-term,mail,1,115.69215518740889,5353.88495859228,19.67033313677694,70.45655527117233,44.269,1,0.0,1.0,8b084c9e-fde5-11ec-bf37-0242ac1c0002,0,1,0,8,upgrade_package,1
Male,1,1,1,short-term,email,1,116.33888726885152,5774.157972801034,19.780755480571717,54.62943147468443,37.406,1,0.0,1.0,8b084e6a-fde5-11ec-bf37-0242ac1c0002,0,0,1,5,upgrade_package,1
Male,1,1,1,short-term,email,1,111.78392736650784,5067.651797011913,19.005959585639037,53.17616851365255,36.124,1,0.0,1.0,8b0850ae-fde5-11ec-bf37-0242ac1c0002,0,1,0,5,upgrade_package,1
Female,1,1,1,short-term,automatic transfer,2,113.48618323156542,2602.1860625959207,19.296096890641035,47.602996076407614,34.302,1,0.0,1.0,8b085248-fde5-11ec-bf37-0242ac1c0002,0,1,0,8,upgrade_package,1
Male,1,1,1,short-term,mail,2,118.95039949766532,5406.685666579303,20.224329927244845,64.37577631398172,42.405,1,0.0,1.0,8b0852b6-fde5-11ec-bf37-0242ac1c0002,0,1,0,5,upgrade_package,1
Female,1,1,1,short-term,mail,2,120.4581780469332,6585.617753736643,20.481135713237645,52.25282884727464,37.165,1,0.0,1.0,8b085acc-fde5-11ec-bf37-0242ac1c0002,0,1,0,8,upgrade_package,1
Female,1,1,1,short-term,email,0,118.23645058114532,3588.614089070884,20.10277711569392,57.07099883999507,38.897,1,0.0,1.0,8b085df6-fde5-11ec-bf37-0242ac1c0002,0,1,0,8,upgrade_package,1
Female,1,1,1,short-term,email,1,120.03807240237212,7255.090614562074,20.409272075884477,63.68129288500504,42.736,1,1.0,0.0,8b08621a-fde5-11ec-bf37-0242ac1c0002,0,0,1,8,upgrade_package,1
Female,1,1,1,short-term,mail,1,118.97952581045516,6318.765854429476,20.229038925640943,62.41536289894774,41.883,1,0.0,1.0,8b086300-fde5-11ec-bf37-0242ac1c0002,0,1,0,8,upgrade_package,1
Female,1,1,1,short-term,email,3,107.7819960593268,5143.113608986726,18.32522327846414,49.12152350079796,34.68,1,0.0,1.0,8b086378-fde5-11ec-bf37-0242ac1c0002,0,1,0,8,upgrade_package,1
Female,1,1,1,short-term,mail,3,119.83459011302035,2989.906161167825,20.37445477857877,47.63144435534143,34.331,1,1.0,0.0,8b0864e0-fde5-11ec-bf37-0242ac1c0002,1,0,0,8,upgrade_package,1
Male,1,1,1,short-term,email,3,117.5898705784326,3808.5077644425455,19.99238577709111,48.0371154602374,34.721,1,0.0,1.0,8b0865f8-fde5-11ec-bf37-0242ac1c0002,1,1,0,5,upgrade_package,1
Male,1,1,1,short-term,email,2,121.34412717301254,5534.361751325608,20.631160700760947,55.06674024334465,37.876,1,0.0,1.0,8b086670-fde5-11ec-bf37-0242ac1c0002,0,1,0,5,upgrade_package,1
Male,1,1,1,short-term,mail,6,119.19614781358092,6488.672936800696,20.265668374426664,55.116980431194165,38.262,1,0.0,1.0,8b0867c4-fde5-11ec-bf37-0242ac1c0002,0,1,0,5,upgrade_package,1
Female,1,1,1,short-term,email,3,117.19488337162365,4422.934157417674,19.92590228538565,54.263230329693485,37.491,1,0.0,1.0,8b086922-fde5-11ec-bf37-0242ac1c0002,0,1,0,8,upgrade_package,1
Female,1,1,1,short-term,email,2,113.88892573340134,8882.33385543399,19.363827426247585,80.29140329778781,49.877,1,0.0,1.0,8b086990-fde5-11ec-bf37-0242ac1c0002,0,1,0,7,upgrade_package,1
Female,1,1,1,short-term,email,1,120.88863001536696,6066.579909947124,20.5540623685203,62.80972401397996,41.508,1,0.0,1.0,8b086a80-fde5-11ec-bf37-0242ac1c0002,0,1,0,8,upgrade_package,1
Female,1,1,1,short-term,mail,1,119.22502559818032,5978.838919097042,20.27054415383525,54.39494631453593,37.818,1,0.0,1.0,8b086af8-fde5-11ec-bf37-0242ac1c0002,1,0,0,8,upgrade_package,1
Female,1,1,1,short-term,email,0,124.01863510539374,6086.6276698442925,21.085577426978283,53.05356324307187,37.87,1,0.0,1.0,8b086fb2-fde5-11ec-bf37-0242ac1c0002,0,0,1,8,upgrade_package,1
Male,1,1,1,short-term,email,2,121.76671543143986,5687.88092162656,20.703249134288413,57.85314285532323,39.896,1,0.0,1.0,8b087098-fde5-11ec-bf37-0242ac1c0002,1,0,0,5,upgrade_package,1
Male,1,1,1,short-term,email,1,114.9367110364778,7185.93232296056,19.541960710954243,60.46016153570581,39.773,1,0.0,1.0,8b0873b8-fde5-11ec-bf37-0242ac1c0002,0,1,0,5,upgrade_package,1
Male,1,1,1,short-term,mail,2,117.3013176498158,5825.943155398282,19.94376402646273,59.5591045636908,40.084,1,0.0,1.0,8b087520-fde5-11ec-bf37-0242ac1c0002,1,0,0,5,upgrade_package,1
Male,1,1,1,short-term,email,0,110.73266436212045,7403.751200440953,18.82702894427188,74.31529519164766,46.44,1,0.0,1.0,8b087714-fde5-11ec-bf37-0242ac1c0002,1,1,0,5,upgrade_package,1
Male,1,1,1,short-term,mail,1,120.6241034379054,6086.108458290207,20.507857817403547,67.2512596663079,43.356,1,1.0,0.0,8b0877f0-fde5-11ec-bf37-0242ac1c0002,0,0,1,5,upgrade_package,1
Female,1,1,1,short-term,email,1,123.8792771234036,6218.183257842828,21.06204274808961,52.63438031295473,37.817,1,1.0,0.0,8b087c0a-fde5-11ec-bf37-0242ac1c0002,0,1,0,8,upgrade_package,1
Male,1,1,1,short-term,mail,2,118.24272815222056,5240.567055216568,20.104354669743515,52.49353834071839,36.853,1,0.0,1.0,8b087f20-fde5-11ec-bf37-0242ac1c0002,0,0,1,5,upgrade_package,1
Male,1,1,1,short-term,email,1,114.39430108102566,6623.222835592167,19.448818270776076,56.87801506674771,38.44,1,1.0,0.0,8b087f98-fde5-11ec-bf37-0242ac1c0002,0,0,1,5,upgrade_package,1
Female,1,1,1,short-term,email,4,115.48736557540188,6327.832439548627,19.635774885370942,49.93566787906197,35.712,1,0.0,1.0,8b088088-fde5-11ec-bf37-0242ac1c0002,1,1,0,8,upgrade_package,1
Male,1,1,1,short-term,email,0,113.8798891414674,6971.910963118032,19.362411881983075,66.72090326925468,42.796,1,0.0,1.0,8b0882d6-fde5-11ec-bf37-0242ac1c0002,1,0,0,5,upgrade_package,1
Male,1,1,1,short-term,mail,1,113.55236075502914,7377.437765985774,19.306241208232063,56.25151619773087,38.114,1,0.0,1.0,8b088510-fde5-11ec-bf37-0242ac1c0002,0,1,0,5,upgrade_package,1
Male,1,1,1,short-term,automatic transfer,2,118.8399217262886,4975.431870068942,20.204871889727112,52.4193207229632,37.076,1,1.0,0.0,8b0886f0-fde5-11ec-bf37-0242ac1c0002,0,0,1,5,upgrade_package,1
Female,1,1,1,short-term,mail,1,111.06143423650596,7909.526923529027,18.883099737395444,63.85346897855132,41.129,1,0.0,1.0,8b089280-fde5-11ec-bf37-0242ac1c0002,0,1,0,8,upgrade_package,1
Male,1,1,1,short-term,email,4,122.23558108504152,6614.454714645892,20.7828333599706,53.258618872228354,37.75,1,0.0,1.0,8b0897e4-fde5-11ec-bf37-0242ac1c0002,0,1,0,5,upgrade_package,1
Male,1,1,1,short-term,email,2,120.36875511839258,5161.834025890447,20.465338622159848,67.10559521070323,43.926,1,0.0,1.0,8b089938-fde5-11ec-bf37-0242ac1c0002,0,1,0,5,upgrade_package,1
Female,1,1,1,short-term,mail,5,125.59182359710132,4358.598732395302,21.35332417700013,47.90526032297962,34.717,1,1.0,0.0,8b089b04-fde5-11ec-bf37-0242ac1c0002,0,1,0,8,upgrade_package,1
Female,1,1,1,short-term,email,2,125.96941487280722,5028.775635728559,21.41804152532432,52.05586760509719,36.792,1,1.0,0.0,8b089cda-fde5-11ec-bf37-0242ac1c0002,0,0,1,8,upgrade_package,1
Female,1,1,1,short-term,mail,3,117.96658001500792,7666.229956591227,20.056924779303685,59.57048392628193,39.547,1,1.0,0.0,8b089d52-fde5-11ec-bf37-0242ac1c0002,0,0,1,8,upgrade_package,1
Female,1,1,1,short-term,mail,1,116.1969063932373,3239.7540379207894,19.75557856960181,56.01463583748217,37.458,1,0.0,1.0,8b089de8-fde5-11ec-bf37-0242ac1c0002,0,1,0,8,upgrade_package,1
Male,1,1,1,short-term,mail,3,122.58255343456236,5968.744296392067,20.84185740298417,59.27024271277716,40.324,1,0.0,1.0,8b089f3c-fde5-11ec-bf37-0242ac1c0002,0,1,0,5,upgrade_package,1
Male,1,1,1,short-term,email,0,123.16220764427408,3080.9381641439754,20.93961345733153,54.84732973978655,38.293,1,1.0,0.0,8b08a2e8-fde5-11ec-bf37-0242ac1c0002,0,0,1,5,upgrade_package,1
Female,1,1,1,short-term,mail,4,115.9967038660678,5096.893899279456,19.722006450139844,54.655127237891854,37.563,1,1.0,0.0,8b08a84c-fde5-11ec-bf37-0242ac1c0002,1,0,0,8,upgrade_package,1
Female,1,1,1,short-term,email,3,118.11083919035084,5756.989564702325,20.081765799274592,57.26020894322135,39.005,1,0.0,1.0,8b08aa9a-fde5-11ec-bf37-0242ac1c0002,0,1,0,8,upgrade_package,1
Male,1,1,1,short-term,mail,2,118.46415876111804,3242.488427554925,20.14156252783077,53.490913585410894,36.895,1,1.0,0.0,8b08abee-fde5-11ec-bf37-0242ac1c0002,1,0,0,5,upgrade_package,1
Male,1,1,1,short-term,email,4,110.16037705700306,6841.542778560808,18.73021562149969,65.93542676712016,41.715,1,0.0,1.0,8b08ac66-fde5-11ec-bf37-0242ac1c0002,1,1,0,5,upgrade_package,1
Female,1,1,1,short-term,email,0,124.63451166998613,8316.483303097559,21.19071616763408,69.65719793711783,45.468,1,1.0,0.0,8b08b27e-fde5-11ec-bf37-0242ac1c0002,1,0,0,7,upgrade_package,1
Male,1,1,1,short-term,email,0,123.61874468390393,4715.677586571195,21.01851056567801,55.35771546396786,38.319,1,1.0,0.0,8b08b814-fde5-11ec-bf37-0242ac1c0002,0,0,1,5,upgrade_package,1
Female,1,1,1,short-term,mail,4,120.56320271381476,4389.143738570656,20.49830004033206,61.37682475800317,41.551,1,1.0,0.0,8b08c1e2-fde5-11ec-bf37-0242ac1c0002,1,0,0,8,upgrade_package,1
Female,1,1,1,short-term,email,3,113.2902682749639,4231.407509391326,19.26165940758109,61.79239757338442,39.754,1,0.0,1.0,8b08c4ee-fde5-11ec-bf37-0242ac1c0002,0,1,0,8,upgrade_package,1
Female,1,1,1,short-term,email,0,114.57924987153017,4597.391619461328,19.48054787422141,56.8619537045718,38.312,1,0.0,1.0,8b08d100-fde5-11ec-bf37-0242ac1c0002,1,1,0,8,upgrade_package,1
Female,1,1,1,short-term,email,3,116.23400435547528,4985.449101818253,19.762308139435277,57.78068291925247,38.929,1,0.0,1.0,8b08d254-fde5-11ec-bf37-0242ac1c0002,0,1,0,8,upgrade_package,1
Male,1,1,0,short-term,email,2,117.30839488147826,0.0,19.94456365383403,0.0,9.85,1,0.0,1.0,8b09211e-fde5-11ec-bf37-0242ac1c0002,0,1,0,4,upgrade_package,1
Female,1,1,0,short-term,mail,2,123.62305999336616,0.0,21.018633488795416,0.0,9.6,1,1.0,0.0,8b09227c-fde5-11ec-bf37-0242ac1c0002,0,0,1,4,upgrade_package,1
Female,1,1,0,short-term,email,1,113.21414167364918,0.0,19.248673757266246,0.0,10.699,1,1.0,0.0,8b092be6-fde5-11ec-bf37-0242ac1c0002,0,0,1,4,upgrade_package,1
Female,1,1,0,short-term,mail,2,116.17047684338483,0.0,19.75167036817768,0.0,10.046,1,1.0,0.0,8b092f4c-fde5-11ec-bf37-0242ac1c0002,0,0,1,4,upgrade_package,1
Male,1,1,0,short-term,mail,1,125.70324889949345,0.0,21.372381003362133,0.0,9.818,1,1.0,0.0,8b092fc4-fde5-11ec-bf37-0242ac1c0002,0,0,1,4,upgrade_package,1
Male,1,1,0,short-term,email,4,118.30707975951536,0.0,20.1142915169027,0.0,10.087,1,1.0,0.0,8b09303c-fde5-11ec-bf37-0242ac1c0002,0,0,1,4,upgrade_package,1
Male,1,1,0,short-term,email,2,119.38673794602305,0.0,20.298444743635763,0.0,9.594,1,1.0,0.0,8b0930b4-fde5-11ec-bf37-0242ac1c0002,0,0,1,4,upgrade_package,1
Male,1,1,0,short-term,email,4,116.80673541414592,0.0,19.8597142824324,0.0,9.966,1,0.0,1.0,8b09379e-fde5-11ec-bf37-0242ac1c0002,0,0,1,4,upgrade_package,1
Male,1,1,0,short-term,mail,2,115.10007073891131,0.0,19.56959989086764,0.0,10.301,1,0.0,1.0,8b093a00-fde5-11ec-bf37-0242ac1c0002,0,1,0,4,upgrade_package,1
Female,1,1,0,short-term,mail,1,116.74428569752996,0.0,19.849164608284752,0.0,9.662,1,0.0,1.0,8b093d2a-fde5-11ec-bf37-0242ac1c0002,0,1,0,4,upgrade_package,1
Male,1,1,0,short-term,email,4,117.00745782050645,0.0,19.893765036860906,0.0,10.201,1,1.0,0.0,8b093da2-fde5-11ec-bf37-0242ac1c0002,0,0,1,4,upgrade_package,1
Male,1,1,0,short-term,mail,1,116.25838819114745,0.0,19.7657021876747,0.0,10.295,1,0.0,1.0,8b093e10-fde5-11ec-bf37-0242ac1c0002,1,1,0,4,upgrade_package,1
Female,1,1,0,short-term,mail,1,115.74156702972743,0.0,19.678823230781195,0.0,9.683,1,0.0,1.0,8b093e88-fde5-11ec-bf37-0242ac1c0002,0,1,0,4,upgrade_package,1
Male,1,1,0,short-term,email,3,117.02756643809305,0.0,19.89665837213671,0.0,9.472,1,0.0,1.0,8b094356-fde5-11ec-bf37-0242ac1c0002,0,1,0,4,upgrade_package,1
Male,1,1,0,short-term,mail,1,120.76124554607516,0.0,20.532076052476626,0.0,10.609,1,0.0,1.0,8b0943c4-fde5-11ec-bf37-0242ac1c0002,0,1,0,4,upgrade_package,1
Male,1,1,0,short-term,mail,3,122.43046259838164,0.0,20.81643310891801,0.0,10.59,1,0.0,1.0,8b0948ce-fde5-11ec-bf37-0242ac1c0002,0,0,1,4,upgrade_package,1
Male,1,1,0,short-term,mail,1,117.91995792438809,0.0,20.049318112776277,0.0,9.873,1,0.0,1.0,8b09493c-fde5-11ec-bf37-0242ac1c0002,0,1,0,4,upgrade_package,1
Male,34,1,1,short-term,email,2,123.788887988054,5649.762690291364,21.044490203844948,50.24240589953703,70.17179312182624,1,34.0,0.0,8b0964e4-fde5-11ec-bf37-0242ac1c0002,0,0,1,3,upgrade_package,1
Male,34,1,1,short-term,mail,4,123.788887988054,4440.43607109904,21.044490203844948,79.16989294349696,90.16340122743364,1,34.0,0.0,8b0965ca-fde5-11ec-bf37-0242ac1c0002,0,0,1,3,upgrade_package,1
Female,34,1,1,short-term,mail,7,123.788887988054,7306.558431662846,21.044490203844948,82.32159501750093,97.34440043106564,1,34.0,0.0,8b0966ba-fde5-11ec-bf37-0242ac1c0002,0,0,1,7,upgrade_package,1
Female,2,0,1,short-term,mail,3,0.0,2385.007718121781,0.0,24.669837665209915,36.628250628634746,1,2.0,0.0,8b099a36-fde5-11ec-bf37-0242ac1c0002,1,0,0,9,upgrade_package,1
Male,2,1,1,short-term,email,4,120.12554467061422,3253.0711162889493,20.42683204871833,21.772402374482205,24.72712247394357,1,2.0,0.0,8b099b1c-fde5-11ec-bf37-0242ac1c0002,0,0,1,5,upgrade_package,1
Female,2,1,1,short-term,email,1,120.23700886790702,3732.074151435952,20.445234962169017,45.73409833250423,38.01340866809496,1,0.0,1.0,8b099b94-fde5-11ec-bf37-0242ac1c0002,0,0,1,8,upgrade_package,1
Female,2,0,1,short-term,mail,2,0.0,5493.39811437965,0.0,28.416208144415307,41.3164252046728,1,2.0,0.0,8b099d60-fde5-11ec-bf37-0242ac1c0002,0,0,1,9,upgrade_package,1
Female,2,1,1,short-term,email,6,115.3334724022166,861.4386052477726,19.61107693868092,25.72738169513591,29.221553762344,1,2.0,0.0,8b09a0bc-fde5-11ec-bf37-0242ac1c0002,0,0,1,8,upgrade_package,1
Male,2,1,1,short-term,mail,5,113.72802732176628,1103.355424117835,19.338575264698257,16.813939395199192,26.20898072622078,1,2.0,0.0,8b09a30a-fde5-11ec-bf37-0242ac1c0002,0,0,1,5,upgrade_package,1
Male,2,0,1,short-term,email,3,0.0,3682.339864903919,0.0,29.37022212552105,37.28204964959243,1,2.0,0.0,8b09a54e-fde5-11ec-bf37-0242ac1c0002,1,0,0,9,upgrade_package,1
Male,2,1,1,short-term,automatic transfer,6,113.12599846969344,1473.0100462743303,19.23629084645479,22.926324645753372,30.804859725388987,1,2.0,0.0,8b09aa62-fde5-11ec-bf37-0242ac1c0002,0,0,1,5,upgrade_package,1
Female,2,1,1,short-term,email,1,115.49611601583184,2633.72322033941,19.639091294905505,20.17312362900006,28.893414493081146,1,0.0,1.0,8b09ad28-fde5-11ec-bf37-0242ac1c0002,0,1,0,8,upgrade_package,1
Male,2,1,1,short-term,automatic transfer,3,116.20833159579676,2792.5816525697,19.760115588374635,25.604092876675534,30.960631561862662,1,2.0,0.0,8b09ada0-fde5-11ec-bf37-0242ac1c0002,0,1,0,5,upgrade_package,1
Male,2,0,1,short-term,email,5,0.0,3499.476820775847,0.0,39.79603897015217,36.14696038642217,1,2.0,0.0,8b09aefe-fde5-11ec-bf37-0242ac1c0002,1,0,0,9,upgrade_package,1
Male,2,0,1,short-term,email,0,0.0,2177.1384238833352,0.0,38.97303489388548,42.2347829709224,1,2.0,0.0,8b09b0d4-fde5-11ec-bf37-0242ac1c0002,1,0,0,9,upgrade_package,1
Male,2,0,1,short-term,email,3,0.0,1453.5466215115744,0.0,20.92704792062655,27.557722392069643,1,2.0,0.0,8b09b3c2-fde5-11ec-bf37-0242ac1c0002,0,0,1,9,upgrade_package,1
Female,2,1,1,short-term,automatic transfer,4,118.58419738224345,5119.737096690572,20.164190312241328,55.86214826337976,54.59272535105289,1,0.0,1.0,8b09cbc8-fde5-11ec-bf37-0242ac1c0002,1,0,0,8,upgrade_package,1
Female,2,1,1,short-term,email,2,113.70208216552156,8483.806152926443,19.33395611300465,81.7646468936703,59.97432652304968,1,2.0,0.0,8b09cd26-fde5-11ec-bf37-0242ac1c0002,0,0,1,7,upgrade_package,1
Male,2,1,1,short-term,email,6,122.46381326748822,5803.956125291579,20.823723643495967,56.42780646852352,54.23415713304969,1,2.0,0.0,8b09ce84-fde5-11ec-bf37-0242ac1c0002,1,0,0,5,upgrade_package,1
Female,2,1,1,short-term,email,4,118.53304919556388,5852.627728151286,20.155554517847158,74.65144288800488,64.17603104600457,1,2.0,0.0,8b09d05a-fde5-11ec-bf37-0242ac1c0002,0,0,1,7,upgrade_package,1
Female,2,1,1,short-term,email,5,116.80313745183348,4283.933382965095,19.86154456565869,58.12528289458214,43.39414785147674,1,1.0,1.0,8b09d5dc-fde5-11ec-bf37-0242ac1c0002,0,1,0,8,upgrade_package,1
Male,2,1,1,short-term,automatic transfer,4,118.48845192089352,8953.661582111048,20.14810033065853,69.47423393939154,53.84844546350664,1,2.0,0.0,8b09d7b2-fde5-11ec-bf37-0242ac1c0002,0,0,1,3,upgrade_package,1
Female,2,1,1,short-term,email,1,111.78143403380294,5251.333026587135,19.007101742952536,66.26983007782212,66.47641396047801,1,2.0,0.0,8b09dafa-fde5-11ec-bf37-0242ac1c0002,0,0,1,7,upgrade_package,1
Female,2,1,1,short-term,email,6,117.67732199874725,5259.791342254846,20.00938869378376,54.13597328152598,52.58499832411921,1,0.0,1.0,8b09ddc0-fde5-11ec-bf37-0242ac1c0002,1,0,0,8,upgrade_package,1
Female,2,1,1,short-term,email,3,114.52957740422384,3540.045526671208,19.475172252594337,53.27408636017751,49.479692275315664,1,2.0,0.0,8b09ed06-fde5-11ec-bf37-0242ac1c0002,0,0,1,8,upgrade_package,1
Female,2,1,1,short-term,email,3,110.74026259057014,6275.386949714509,18.830234709683825,71.99036784064896,57.64541468355557,1,2.0,0.0,8b09ee64-fde5-11ec-bf37-0242ac1c0002,1,0,0,7,upgrade_package,1
Female,2,1,1,short-term,email,1,114.4276439838244,7354.353028883235,19.45731267237749,63.04218981705703,51.27186506148089,1,2.0,0.0,8b09efcc-fde5-11ec-bf37-0242ac1c0002,0,0,1,7,upgrade_package,1
Male,2,1,1,short-term,automatic transfer,6,109.44334036411205,6350.731852833401,18.60957678932137,63.55589948600935,59.42345525283632,1,0.0,1.0,8b09f044-fde5-11ec-bf37-0242ac1c0002,1,1,0,3,upgrade_package,1
Female,2,1,1,short-term,mail,0,119.11015899170305,7634.889641841837,20.25386468230493,60.8147980066131,54.70657017194859,1,2.0,0.0,8b09f4f4-fde5-11ec-bf37-0242ac1c0002,1,0,0,8,upgrade_package,1
Male,2,1,1,short-term,email,5,113.497537946877,5315.27803083206,19.29945374276835,51.56131030298685,47.1150502499138,1,2.0,0.0,8b09f9f4-fde5-11ec-bf37-0242ac1c0002,0,1,0,5,upgrade_package,1
Male,2,1,1,short-term,email,3,116.94135147850491,7087.291806153469,19.88462844728617,63.65635490286206,59.64686178712737,1,2.0,0.0,8b09fc38-fde5-11ec-bf37-0242ac1c0002,0,1,0,3,upgrade_package,1
Male,2,1,0,short-term,mail,5,113.7561543485333,0.0,19.342511147437204,0.0,12.636405153607583,1,2.0,0.0,8b0a1704-fde5-11ec-bf37-0242ac1c0002,0,1,0,4,upgrade_package,1
Male,45,1,1,long-term,automatic transfer,0,123.788887988054,4936.387899053067,21.044490203844948,38.59365531734524,57.01347057102197,1,45.0,0.0,8b0a3568-fde5-11ec-bf37-0242ac1c0002,1,0,0,2,upgrade_package,1
Male,45,1,0,long-term,email,2,123.788887988054,0.0,21.044490203844948,0.0,20.22717391304348,1,45.0,0.0,8b0a43e6-fde5-11ec-bf37-0242ac1c0002,1,0,0,1,upgrade_package,1
Male,8,0,1,short-term,mail,2,0.0,2034.554687556554,0.0,12.729310171910589,29.9715626891886,1,8.0,0.0,8b0a5b2e-fde5-11ec-bf37-0242ac1c0002,0,0,1,9,upgrade_package,1
Male,8,1,1,short-term,mail,3,117.98627323275991,5951.42818656443,20.058197316248904,72.58886009816159,68.06672700149703,1,1.0,1.0,8b0a68d0-fde5-11ec-bf37-0242ac1c0002,0,0,1,3,upgrade_package,1
Male,8,1,1,short-term,automatic transfer,0,116.51277228689158,4974.675541212006,19.807405244477355,54.7582473087958,68.07684097844968,1,7.0,1.0,8b0a6d08-fde5-11ec-bf37-0242ac1c0002,1,0,0,3,upgrade_package,1
Male,8,1,1,short-term,email,2,118.32004132063992,7597.095260374292,20.114885952669464,71.95110628392256,79.78106087012483,1,7.0,1.0,8b0a710e-fde5-11ec-bf37-0242ac1c0002,1,1,0,3,upgrade_package,1
Female,8,1,1,short-term,automatic transfer,1,117.72933240472084,5302.226727755103,20.01429607456788,54.6203178161542,69.14931636187542,1,8.0,0.0,8b0a76a4-fde5-11ec-bf37-0242ac1c0002,0,0,1,7,upgrade_package,1
Female,8,1,1,short-term,email,2,118.62402939753136,9104.0977204572,20.166400309318224,84.87933891466301,93.252079084793,1,8.0,0.0,8b0a77f8-fde5-11ec-bf37-0242ac1c0002,1,0,0,7,upgrade_package,1
Female,8,1,1,short-term,email,1,117.52980100399832,8072.461976509702,19.980330409432103,75.92379018948189,84.93043876327638,1,8.0,0.0,8b0a79c4-fde5-11ec-bf37-0242ac1c0002,1,0,0,7,upgrade_package,1
Male,8,1,1,short-term,automatic transfer,0,115.00449283525332,5854.310957771947,19.551198274858223,63.65049953977893,67.4444572974414,1,8.0,0.0,8b0a7bd6-fde5-11ec-bf37-0242ac1c0002,0,0,1,3,upgrade_package,1
Male,8,1,1,short-term,email,2,116.14591755642918,6314.993182343623,19.745238305882594,63.27600782055013,75.42263179213745,1,8.0,0.0,8b0a7c4e-fde5-11ec-bf37-0242ac1c0002,1,0,0,3,upgrade_package,1
Male,22,1,1,short-term,email,0,123.788887988054,5267.770532169056,21.044490203844948,43.19906909849611,60.60427796830429,1,22.0,0.0,8b0a9daa-fde5-11ec-bf37-0242ac1c0002,0,0,1,5,upgrade_package,1
Male,22,1,1,short-term,email,3,123.788887988054,4312.133937794893,21.044490203844948,30.934799071462542,49.1978511124761,1,22.0,0.0,8b0aa142-fde5-11ec-bf37-0242ac1c0002,0,0,1,5,upgrade_package,1
Female,22,1,1,short-term,mail,2,123.788887988054,4991.831553483338,21.044490203844948,53.92714761699213,74.21260697750306,1,22.0,0.0,8b0ab380-fde5-11ec-bf37-0242ac1c0002,0,0,1,8,upgrade_package,1
Female,22,1,1,short-term,mail,3,123.788887988054,5338.178708807359,21.044490203844948,58.55440370186723,76.30002564517484,1,22.0,0.0,8b0ab4ac-fde5-11ec-bf37-0242ac1c0002,0,0,1,7,upgrade_package,1
Male,22,1,1,short-term,email,2,123.788887988054,8315.52848355232,21.044490203844948,78.5901321668026,93.98819887777506,1,22.0,0.0,8b0ab60a-fde5-11ec-bf37-0242ac1c0002,1,0,0,3,upgrade_package,1
Male,22,1,1,short-term,email,1,123.788887988054,9113.137143540598,21.044490203844948,79.43836550438846,96.18451238380705,1,22.0,0.0,8b0ab768-fde5-11ec-bf37-0242ac1c0002,1,0,0,3,upgrade_package,1
Female,22,1,1,short-term,email,0,123.788887988054,5771.669887577694,21.044490203844948,65.81227529367746,81.25687979883016,1,17.0,1.0,8b0aba2e-fde5-11ec-bf37-0242ac1c0002,1,0,0,7,upgrade_package,1
Male,22,1,1,short-term,email,3,123.788887988054,7797.874536160211,21.044490203844948,73.82255070544704,87.27167622623197,1,19.0,1.0,8b0abb8c-fde5-11ec-bf37-0242ac1c0002,0,1,0,3,upgrade_package,1
Male,22,1,1,short-term,mail,1,123.788887988054,9316.800012161806,21.044490203844948,79.80964951907002,99.14129710263676,1,22.0,0.0,8b0abce0-fde5-11ec-bf37-0242ac1c0002,1,0,0,3,upgrade_package,1
Male,22,0,1,long-term,automatic transfer,2,0.0,3066.836074631401,0.0,25.059309506409825,47.28386420213319,1,22.0,0.0,8b0ac5dc-fde5-11ec-bf37-0242ac1c0002,0,0,1,6,upgrade_package,1
Male,10,1,1,short-term,email,2,123.788887988054,4875.160278774523,21.044490203844948,57.80702196015676,74.18744480963858,1,10.0,0.0,8b0aeb20-fde5-11ec-bf37-0242ac1c0002,0,0,1,3,upgrade_package,1
Female,10,1,1,short-term,mail,2,123.788887988054,4240.743116282754,21.044490203844948,55.32079596138391,67.94271609289285,1,5.0,1.0,8b0aed5a-fde5-11ec-bf37-0242ac1c0002,1,1,0,8,upgrade_package,1
Male,10,1,1,short-term,automatic transfer,0,123.788887988054,8756.122964460257,21.044490203844948,80.0040967488829,75.76661726306293,1,10.0,0.0,8b0aeeae-fde5-11ec-bf37-0242ac1c0002,0,0,1,3,upgrade_package,1
Male,10,1,1,short-term,automatic transfer,1,123.788887988054,7241.805968294462,21.044490203844948,76.98332123794071,94.714061737373,1,10.0,0.0,8b0aefc6-fde5-11ec-bf37-0242ac1c0002,1,0,0,3,upgrade_package,1
Female,10,1,1,short-term,email,1,123.788887988054,8964.64823554448,21.044490203844948,83.56024557146857,94.67216039856623,1,10.0,0.0,8b0af03e-fde5-11ec-bf37-0242ac1c0002,1,0,0,7,upgrade_package,1
Male,10,1,1,short-term,email,0,123.788887988054,5333.229003112515,21.044490203844948,60.60855500151512,80.97162279818323,1,10.0,0.0,8b0af552-fde5-11ec-bf37-0242ac1c0002,1,0,0,3,upgrade_package,1
Female,10,1,1,short-term,email,2,123.788887988054,7424.512451485179,21.044490203844948,78.54803714269762,98.13736515158362,1,10.0,0.0,8b0af5c0-fde5-11ec-bf37-0242ac1c0002,1,0,0,7,upgrade_package,1
Female,10,1,1,short-term,automatic transfer,3,123.788887988054,7660.937929252243,21.044490203844948,74.6769074254483,66.71860404016152,1,5.0,1.0,8b0af8b8-fde5-11ec-bf37-0242ac1c0002,1,0,0,7,upgrade_package,1
Female,10,1,1,short-term,automatic transfer,2,123.788887988054,4701.289941960991,21.044490203844948,53.218276279495285,61.25779300764405,1,10.0,0.0,8b0afa0c-fde5-11ec-bf37-0242ac1c0002,0,0,1,8,upgrade_package,1
Female,10,1,1,short-term,automatic transfer,1,123.788887988054,7562.523191402431,21.044490203844948,74.21002390783211,87.40369623943114,1,10.0,0.0,8b0afb6a-fde5-11ec-bf37-0242ac1c0002,1,0,0,7,upgrade_package,1
Male,10,1,1,short-term,automatic transfer,2,123.788887988054,8169.993268708881,21.044490203844948,78.03709917322983,88.87193990206316,1,10.0,0.0,8b0aff98-fde5-11ec-bf37-0242ac1c0002,0,0,1,3,upgrade_package,1
Female,10,1,1,short-term,email,2,123.788887988054,7318.469895339806,21.044490203844948,76.10994993160149,89.28467452605156,1,10.0,0.0,8b0b02c2-fde5-11ec-bf37-0242ac1c0002,1,0,0,7,upgrade_package,1
Male,28,1,1,short-term,mail,3,123.788887988054,6801.496185603238,21.044490203844948,79.45281073233323,101.66171915479362,1,28.0,0.0,8b0b29dc-fde5-11ec-bf37-0242ac1c0002,0,0,1,3,upgrade_package,1
Male,28,1,1,short-term,email,2,123.788887988054,7047.089190431572,21.044490203844948,74.90797692041244,92.83878842720983,1,28.0,0.0,8b0b2a4a-fde5-11ec-bf37-0242ac1c0002,1,0,0,3,upgrade_package,1
Female,28,1,1,short-term,email,1,123.788887988054,7520.220138783422,21.044490203844948,84.28516050310185,106.83674781573583,1,28.0,0.0,8b0b2b3a-fde5-11ec-bf37-0242ac1c0002,1,0,0,7,upgrade_package,1
Male,62,1,1,long-term,email,0,123.788887988054,7530.08822086906,21.044490203844948,76.75387283832417,100.37216375346976,1,62.0,0.0,8b0b64f6-fde5-11ec-bf37-0242ac1c0002,1,0,0,0,upgrade_package,1
Male,62,1,1,long-term,email,0,123.788887988054,7965.310639878553,21.044490203844948,82.41623905617037,102.56393269180992,1,46.0,1.0,8b0b65f0-fde5-11ec-bf37-0242ac1c0002,1,0,0,0,upgrade_package,1
Male,13,0,1,short-term,automatic transfer,6,0.0,2835.9667620727246,0.0,26.08989348037028,43.98738172324786,1,13.0,0.0,8b0b8c6a-fde5-11ec-bf37-0242ac1c0002,0,0,1,9,upgrade_package,1
Male,13,1,1,short-term,email,11,123.788887988054,7448.08673832941,21.044490203844948,81.33127749849857,78.82437009499205,1,2.0,1.0,8b0b9c82-fde5-11ec-bf37-0242ac1c0002,0,0,1,3,upgrade_package,1
Male,13,1,1,short-term,email,2,123.788887988054,4334.734268961802,21.044490203844948,67.34808136520374,76.10896978833637,1,5.0,1.0,8b0b9cfa-fde5-11ec-bf37-0242ac1c0002,0,0,1,3,upgrade_package,1
Female,13,1,1,short-term,email,2,123.788887988054,5102.814509370737,21.044490203844948,49.95891991452877,76.15572604852609,1,13.0,0.0,8b0ba196-fde5-11ec-bf37-0242ac1c0002,0,0,1,7,upgrade_package,1
Male,13,1,1,short-term,email,7,123.788887988054,7087.021928734988,21.044490203844948,62.34692632861831,75.3911917590828,1,13.0,0.0,8b0ba6a0-fde5-11ec-bf37-0242ac1c0002,1,0,0,3,upgrade_package,1
Female,13,1,1,short-term,email,1,123.788887988054,7083.146749972431,21.044490203844948,61.760603766694565,82.35166335546499,1,13.0,0.0,8b0baaba-fde5-11ec-bf37-0242ac1c0002,1,0,0,7,upgrade_package,1
Male,13,1,1,short-term,email,4,123.788887988054,4646.289461513781,21.044490203844948,69.30687337637303,75.0523480094738,1,9.0,1.0,8b0babaa-fde5-11ec-bf37-0242ac1c0002,0,0,1,3,upgrade_package,1
Female,16,1,1,short-term,email,0,117.8225503475661,3249.263966366277,20.076035053670605,30.014481627946346,48.2496555357203,1,16.0,0.0,8b0bd314-fde5-11ec-bf37-0242ac1c0002,0,0,1,8,upgrade_package,1
Female,16,1,1,short-term,email,0,116.3311107110363,4269.954180276532,19.83421616431051,41.11692663727074,58.15204640699726,1,16.0,0.0,8b0bd558-fde5-11ec-bf37-0242ac1c0002,1,0,0,8,upgrade_package,1
Male,16,1,1,short-term,automatic transfer,0,115.64432158286496,9137.87279598442,19.662680988394985,59.342411283596135,81.67415706570517,1,16.0,0.0,8b0be4e4-fde5-11ec-bf37-0242ac1c0002,1,0,0,3,upgrade_package,1
Female,16,1,1,short-term,email,0,119.08394129170377,5192.169259677768,20.247262212414643,71.76194911098928,84.04787793182024,1,16.0,0.0,8b0be5ca-fde5-11ec-bf37-0242ac1c0002,1,0,0,7,upgrade_package,1
Male,16,1,1,short-term,automatic transfer,0,116.27967635378484,6267.695376882226,19.77049031434492,71.94815632238253,86.58627155798345,1,2.0,1.0,8b0bf07e-fde5-11ec-bf37-0242ac1c0002,0,1,0,3,upgrade_package,1
Male,16,1,1,short-term,automatic transfer,0,119.0940606894208,6206.558368519512,20.248432291397595,53.94215018554344,78.32195258851652,1,6.0,1.0,8b0bf100-fde5-11ec-bf37-0242ac1c0002,1,1,0,3,upgrade_package,1
Female,16,1,1,short-term,automatic transfer,0,119.854528405385,5339.937369572262,20.378204469982546,72.06663978720773,74.62383955401134,1,8.0,1.0,8b0bf16e-fde5-11ec-bf37-0242ac1c0002,1,0,0,7,upgrade_package,1
Female,58,1,1,short-term,automatic transfer,1,123.788887988054,6289.861435926965,21.044490203844948,72.4907778266109,92.23337154487176,1,32.0,1.0,8b0c0730-fde5-11ec-bf37-0242ac1c0002,1,0,0,7,upgrade_package,1
Male,58,1,1,short-term,email,1,123.788887988054,9595.463911592578,21.044490203844948,80.21252864851876,99.21590380722468,1,42.0,1.0,8b0c079e-fde5-11ec-bf37-0242ac1c0002,1,0,0,3,upgrade_package,1
Female,58,1,1,long-term,email,2,123.788887988054,8081.176022082531,21.044490203844948,87.40210090313666,105.48303726106327,1,58.0,0.0,8b0c20bc-fde5-11ec-bf37-0242ac1c0002,0,0,1,0,upgrade_package,1
Male,58,1,1,long-term,automatic transfer,1,123.788887988054,7440.150861846514,21.044490203844948,83.49781533173878,103.40891982950237,1,58.0,0.0,8b0c212a-fde5-11ec-bf37-0242ac1c0002,1,0,0,0,upgrade_package,1
Male,49,1,1,short-term,email,3,123.788887988054,8290.966681041004,21.044490203844948,81.96057184566054,100.11535909133076,1,27.0,1.0,8b0c3c14-fde5-11ec-bf37-0242ac1c0002,0,0,1,3,upgrade_package,1
Male,49,1,1,short-term,automatic transfer,1,123.788887988054,7974.201853175396,21.044490203844948,79.96157716770728,98.35747113537766,1,49.0,0.0,8b0c3de0-fde5-11ec-bf37-0242ac1c0002,0,1,0,3,upgrade_package,1
Female,49,1,1,short-term,email,3,123.788887988054,7861.504963975734,21.044490203844948,65.24045046076222,86.17338439423489,1,23.0,1.0,8b0c3fb6-fde5-11ec-bf37-0242ac1c0002,1,0,0,7,upgrade_package,1
Female,49,1,1,long-term,mail,5,123.788887988054,7830.876449893783,21.044490203844948,80.90271239723849,99.32318909044336,1,49.0,0.0,8b0c51b8-fde5-11ec-bf37-0242ac1c0002,0,0,1,0,upgrade_package,1
Male,25,1,1,short-term,email,3,146.99653370367065,5468.337385050905,24.99114646334165,55.7617613074605,71.79182038965651,1,25.0,0.0,8b0c698c-fde5-11ec-bf37-0242ac1c0002,1,0,0,3,upgrade_package,1
Female,25,1,1,short-term,email,2,150.02854964845787,9408.504292396246,25.50692056809442,74.88175615515223,95.85107786674736,1,25.0,0.0,8b0c6ea0-fde5-11ec-bf37-0242ac1c0002,0,0,1,7,upgrade_package,1
Female,25,1,1,short-term,automatic transfer,2,148.83098141739345,8918.049760234611,25.30311738551016,77.83429988089135,95.9647833450056,1,25.0,0.0,8b0c6f86-fde5-11ec-bf37-0242ac1c0002,1,0,0,7,upgrade_package,1
Male,25,1,1,short-term,automatic transfer,1,145.0361602100129,7066.322588287945,24.657710258729495,67.80528716465295,89.7741700269061,1,25.0,0.0,8b0c6ff4-fde5-11ec-bf37-0242ac1c0002,1,0,0,3,upgrade_package,1
Female,25,1,1,short-term,email,3,150.5615039245633,8212.07171299509,25.597523933610155,76.00718786707597,98.41120944348582,1,25.0,0.0,8b0c706c-fde5-11ec-bf37-0242ac1c0002,1,0,0,7,upgrade_package,1
Female,25,1,1,long-term,mail,3,147.73914128177915,6338.067098086776,25.117181827016022,49.18281817298397,71.68461538461538,1,25.0,0.0,8b0c7d14-fde5-11ec-bf37-0242ac1c0002,1,0,0,2,upgrade_package,1
Male,69,1,1,short-term,email,1,123.788887988054,7342.160832906424,21.044490203844948,75.84853452784274,97.01414309003452,1,17.0,1.0,8b0c8cbe-fde5-11ec-bf37-0242ac1c0002,0,1,0,3,upgrade_package,1
Male,69,1,1,long-term,automatic transfer,0,123.788887988054,8360.666837457205,21.044490203844948,86.32915967358834,103.2931552135189,1,60.0,1.0,8b0cb7fc-fde5-11ec-bf37-0242ac1c0002,1,0,0,0,upgrade_package,1
Female,52,1,1,short-term,email,3,123.788887988054,7504.388909024487,21.044490203844948,73.57119323929902,89.50939646102196,1,52.0,0.0,8b0cd674-fde5-11ec-bf37-0242ac1c0002,1,0,0,7,upgrade_package,1
Male,52,1,1,short-term,email,7,123.788887988054,5632.372307167141,21.044490203844948,69.88953033850369,98.367042443063,1,11.0,1.0,8b0cd6e2-fde5-11ec-bf37-0242ac1c0002,1,0,0,3,upgrade_package,1
Male,52,1,1,long-term,automatic transfer,5,123.788887988054,6688.763384526495,21.044490203844948,76.72457240604487,95.73594698336215,1,28.0,1.0,8b0cf014-fde5-11ec-bf37-0242ac1c0002,1,0,0,0,upgrade_package,1
Male,52,1,1,long-term,automatic transfer,8,123.788887988054,7247.813419672348,21.044490203844948,80.80316586311369,100.82562498814607,1,40.0,1.0,8b0cf082-fde5-11ec-bf37-0242ac1c0002,1,0,0,0,upgrade_package,1
Male,71,1,1,long-term,automatic transfer,5,123.788887988054,8499.945901733305,21.044490203844948,81.62652496790008,103.30996225273212,1,70.0,1.0,8b0d52f2-fde5-11ec-bf37-0242ac1c0002,1,0,0,0,upgrade_package,1
Female,21,1,1,short-term,automatic transfer,1,123.788887988054,7831.788170948134,21.044490203844948,89.15661451851715,104.33827683700348,1,21.0,0.0,8b0d7fde-fde5-11ec-bf37-0242ac1c0002,1,0,0,7,upgrade_package,1
Female,21,1,1,short-term,automatic transfer,3,123.788887988054,8274.562526330303,21.044490203844948,90.00181793072291,105.24385261439366,1,21.0,0.0,8b0d8132-fde5-11ec-bf37-0242ac1c0002,1,0,0,7,upgrade_package,1
Male,21,1,1,short-term,email,1,123.788887988054,5112.941618789286,21.044490203844948,72.8047928717352,89.10084637878663,1,18.0,1.0,8b0d81a0-fde5-11ec-bf37-0242ac1c0002,1,0,0,3,upgrade_package,1
Male,21,1,1,short-term,email,1,123.788887988054,6932.652323331403,21.044490203844948,82.87764177503917,97.61008394788692,1,21.0,0.0,8b0d8286-fde5-11ec-bf37-0242ac1c0002,0,0,1,3,upgrade_package,1
Female,21,1,1,short-term,email,0,123.788887988054,7043.311299923821,21.044490203844948,67.39592039529347,85.9178631178304,1,21.0,0.0,8b0d82fe-fde5-11ec-bf37-0242ac1c0002,0,0,1,7,upgrade_package,1
Male,21,1,1,short-term,automatic transfer,1,123.788887988054,6669.5395156613895,21.044490203844948,87.45674115878842,102.13905252526078,1,21.0,0.0,8b0d8718-fde5-11ec-bf37-0242ac1c0002,0,1,0,3,upgrade_package,1
Female,12,1,1,short-term,automatic transfer,1,113.58546757136986,3577.300424276993,19.309739374347743,59.05729264463818,71.01196589387693,1,12.0,0.0,8b0dbb34-fde5-11ec-bf37-0242ac1c0002,0,0,1,7,upgrade_package,1
Female,12,1,1,short-term,email,4,117.6000202289642,6796.173186895797,19.991949266630108,69.84989910913394,80.55482604470888,1,0.0,1.0,8b0dbba2-fde5-11ec-bf37-0242ac1c0002,0,1,0,7,upgrade_package,1
Female,12,1,1,short-term,mail,1,119.4759863221722,6690.5138780560765,20.311364427595183,73.51071558843321,87.28744883779079,1,9.0,1.0,8b0dbd0a-fde5-11ec-bf37-0242ac1c0002,1,0,0,7,upgrade_package,1
Female,12,1,1,short-term,automatic transfer,2,109.80811887819011,6450.89850503025,18.66830362957789,76.83694193285424,86.54431968947014,1,6.0,1.0,8b0dbdf0-fde5-11ec-bf37-0242ac1c0002,1,0,0,7,upgrade_package,1
Male,12,1,1,short-term,automatic transfer,0,113.16876388693522,7658.145957662679,19.238883928368857,82.71666478817492,101.32688936386104,1,2.0,1.0,8b0dbfe4-fde5-11ec-bf37-0242ac1c0002,0,1,0,3,upgrade_package,1
Female,12,1,1,short-term,automatic transfer,3,109.7280868001722,6571.928902854573,18.65416222517256,88.93994210698914,100.62409464286972,1,1.0,1.0,8b0dc0c0-fde5-11ec-bf37-0242ac1c0002,0,0,1,7,upgrade_package,1
Male,12,1,1,short-term,email,0,109.91592633225726,6784.767082079277,18.686216585680164,63.299229403193294,74.91257470116922,1,12.0,0.0,8b0dc304-fde5-11ec-bf37-0242ac1c0002,0,0,1,3,upgrade_package,1
Female,12,1,1,short-term,email,1,107.27022100961086,9664.241380593074,18.23612017069213,72.29564418281213,84.91859581746104,1,12.0,0.0,8b0dc3ea-fde5-11ec-bf37-0242ac1c0002,0,0,1,7,upgrade_package,1
Female,12,1,1,short-term,email,2,109.87064916221924,6807.924211685994,18.67849916259477,76.48466455969933,96.8492940010955,1,8.0,1.0,8b0dc656-fde5-11ec-bf37-0242ac1c0002,1,1,0,7,upgrade_package,1
Female,12,1,1,long-term,email,1,112.90833765114304,3987.1616932110137,19.150613344170875,49.019807522537526,63.06899763672519,1,12.0,0.0,8b0dd7a4-fde5-11ec-bf37-0242ac1c0002,0,0,1,2,upgrade_package,1
Male,12,1,1,long-term,automatic transfer,2,111.86845604746362,5172.273307194624,18.991529331416665,42.645428259468176,59.11070792089911,1,12.0,0.0,8b0dd894-fde5-11ec-bf37-0242ac1c0002,0,0,1,2,upgrade_package,1
Male,30,1,1,short-term,email,2,123.788887988054,7682.48845668908,21.044490203844948,70.1032351053067,95.30064957814412,1,20.0,1.0,8b0e0102-fde5-11ec-bf37-0242ac1c0002,0,1,0,3,upgrade_package,1
Female,30,1,1,short-term,automatic transfer,1,123.788887988054,7942.722668885717,21.044490203844948,68.45076417043482,91.45461013714696,1,30.0,0.0,8b0e026a-fde5-11ec-bf37-0242ac1c0002,1,0,0,7,upgrade_package,1
Female,30,1,1,short-term,email,0,123.788887988054,8418.80287890635,21.044490203844948,77.7489510755547,96.29361011546044,1,30.0,0.0,8b0e0350-fde5-11ec-bf37-0242ac1c0002,0,0,1,7,upgrade_package,1
Female,30,1,1,short-term,automatic transfer,1,123.788887988054,6974.640517795711,21.044490203844948,75.06673829271259,94.26048660028694,1,27.0,1.0,8b0e03be-fde5-11ec-bf37-0242ac1c0002,0,1,0,7,upgrade_package,1
Female,30,1,1,short-term,email,1,123.788887988054,7354.871309693645,21.044490203844948,68.72627860136383,94.67361055538116,1,9.0,1.0,8b0e05d0-fde5-11ec-bf37-0242ac1c0002,0,0,1,7,upgrade_package,1
Female,30,1,1,short-term,email,1,123.788887988054,8595.955148482044,21.044490203844948,79.09752565584236,97.92945314038448,1,30.0,0.0,8b0e068e-fde5-11ec-bf37-0242ac1c0002,1,0,0,7,upgrade_package,1
Male,47,1,1,short-term,automatic transfer,4,123.788887988054,5840.583371874646,21.044490203844948,76.71734464527479,88.76683783871826,1,30.0,1.0,8b0e2254-fde5-11ec-bf37-0242ac1c0002,0,0,1,3,upgrade_package,1
Male,47,1,1,short-term,email,0,123.788887988054,8614.25444004247,21.044490203844948,83.69579546570202,90.01156608671826,1,40.0,1.0,8b0e25c4-fde5-11ec-bf37-0242ac1c0002,1,0,0,3,upgrade_package,1
Female,47,1,1,short-term,mail,4,123.788887988054,6457.763400458923,21.044490203844948,70.59194683275828,97.47144411666284,1,1.0,1.0,8b0e263c-fde5-11ec-bf37-0242ac1c0002,1,0,0,7,upgrade_package,1
Male,47,1,1,short-term,automatic transfer,2,123.788887988054,5897.064382863416,21.044490203844948,79.15009469056874,86.92024565824774,1,17.0,1.0,8b0e27a4-fde5-11ec-bf37-0242ac1c0002,0,0,1,3,upgrade_package,1
Female,72,1,1,long-term,email,0,123.788887988054,6941.721826179601,21.044490203844948,48.86097904992162,68.01950246192924,1,33.0,1.0,8b0ea418-fde5-11ec-bf37-0242ac1c0002,0,0,1,2,upgrade_package,1
Female,72,1,1,long-term,automatic transfer,0,123.788887988054,8001.40367412555,21.044490203844948,91.5846907897456,114.11065542001788,1,72.0,0.0,8b0f10f6-fde5-11ec-bf37-0242ac1c0002,1,0,0,0,upgrade_package,1
Female,72,1,1,long-term,automatic transfer,0,123.788887988054,9047.026724298486,21.044490203844948,96.34138484372674,118.64172597784216,1,72.0,0.0,8b0f1254-fde5-11ec-bf37-0242ac1c0002,1,0,0,0,upgrade_package,1
Male,17,1,1,short-term,email,0,123.788887988054,8315.298520274613,21.044490203844948,59.82394379876726,84.0873181265383,1,17.0,0.0,8b0f5930-fde5-11ec-bf37-0242ac1c0002,0,1,0,3,upgrade_package,1
Male,17,1,1,short-term,email,2,123.788887988054,5778.321049505737,21.044490203844948,56.43802227599566,65.14330365822025,1,17.0,0.0,8b0f5ab6-fde5-11ec-bf37-0242ac1c0002,0,0,1,3,upgrade_package,1
Female,17,1,1,short-term,email,2,123.788887988054,4970.055981187786,21.044490203844948,70.75208249638303,79.45678017199688,1,17.0,0.0,8b0f5c0a-fde5-11ec-bf37-0242ac1c0002,0,0,1,7,upgrade_package,1
Female,17,1,1,short-term,email,0,123.788887988054,8338.801224007428,21.044490203844948,80.22507595167704,93.81172434258278,1,17.0,0.0,8b0f5ef8-fde5-11ec-bf37-0242ac1c0002,0,0,1,7,upgrade_package,1
Male,17,1,1,short-term,email,1,123.788887988054,5018.153891935867,21.044490203844948,49.89334590534987,69.19791181193071,1,1.0,1.0,8b0f5f70-fde5-11ec-bf37-0242ac1c0002,1,1,0,5,upgrade_package,1
Male,17,1,1,short-term,email,2,123.788887988054,5308.039877061001,21.044490203844948,48.37115887476181,63.92632759254092,1,3.0,1.0,8b0f61dc-fde5-11ec-bf37-0242ac1c0002,0,1,0,5,upgrade_package,1
Male,17,1,1,short-term,email,2,123.788887988054,6001.770962383563,21.044490203844948,65.05467833497723,85.4612388483403,1,9.0,1.0,8b0f62c2-fde5-11ec-bf37-0242ac1c0002,0,1,0,3,upgrade_package,1
Female,17,1,0,short-term,mail,1,123.788887988054,0.0,21.044490203844948,0.0,22.772222222222226,1,17.0,0.0,8b0f6768-fde5-11ec-bf37-0242ac1c0002,0,0,1,4,upgrade_package,1
Female,17,1,1,long-term,mail,1,123.788887988054,2646.6496183047684,21.044490203844948,34.80550979615505,52.083333333333336,1,17.0,0.0,8b0f6e5c-fde5-11ec-bf37-0242ac1c0002,1,0,0,2,upgrade_package,1
Male,27,0,1,short-term,automatic transfer,7,0.0,591.6938349217227,0.0,13.260672670226413,33.76523080781908,1,27.0,0.0,8b0f827a-fde5-11ec-bf37-0242ac1c0002,1,0,0,9,upgrade_package,1
Female,27,1,1,short-term,email,7,123.788887988054,7129.13257832539,21.044490203844948,65.33130749082586,87.02669801850972,1,3.0,1.0,8b0f8c16-fde5-11ec-bf37-0242ac1c0002,1,1,0,7,upgrade_package,1
Male,27,1,1,short-term,email,3,123.788887988054,6309.946556014114,21.044490203844948,71.7938753663669,82.6527419659107,1,27.0,0.0,8b0f8d7e-fde5-11ec-bf37-0242ac1c0002,0,0,1,3,upgrade_package,1
Female,27,1,1,short-term,email,10,123.788887988054,6946.00360773784,21.044490203844948,58.53727411859765,79.82143634145955,1,27.0,0.0,8b0f8f4a-fde5-11ec-bf37-0242ac1c0002,0,0,1,7,upgrade_package,1
Female,27,1,1,short-term,automatic transfer,9,123.788887988054,7466.433303004123,21.044490203844948,65.62327148469166,87.43770738883153,1,27.0,0.0,8b0f8fc2-fde5-11ec-bf37-0242ac1c0002,0,0,1,7,upgrade_package,1
Female,27,1,1,short-term,automatic transfer,8,123.788887988054,7271.916303870963,21.044490203844948,59.14028729517479,80.74854029473937,1,27.0,0.0,8b0f903a-fde5-11ec-bf37-0242ac1c0002,1,0,0,7,upgrade_package,1
Female,5,1,1,short-term,email,2,133.41643036542823,4149.126478374746,22.684142306618213,25.6036385713863,41.34127280764694,1,5.0,0.0,8b0fbad8-fde5-11ec-bf37-0242ac1c0002,0,0,1,8,upgrade_package,1
Female,5,1,1,short-term,email,4,129.21368860235816,3739.918023100179,21.966116987907043,31.776320930920708,43.40882197810625,1,5.0,0.0,8b0fbd44-fde5-11ec-bf37-0242ac1c0002,0,0,1,8,upgrade_package,1
Female,5,1,1,short-term,mail,6,113.53974292282078,1189.8833026731995,19.30142597251336,22.698001537834312,46.1943075704904,1,5.0,0.0,8b0fbf88-fde5-11ec-bf37-0242ac1c0002,0,0,1,8,upgrade_package,1
Male,5,1,1,short-term,email,4,133.07483780199613,6982.763421059685,22.62256337384157,71.4948909800132,78.56699591768366,1,5.0,0.0,8b0fd2ca-fde5-11ec-bf37-0242ac1c0002,1,0,0,3,upgrade_package,1
Male,5,1,1,short-term,email,0,105.90585717505913,6457.142253443544,18.00460160305097,63.98756014333576,77.26733247697715,1,4.0,1.0,8b0fd52c-fde5-11ec-bf37-0242ac1c0002,0,0,1,3,upgrade_package,1
Male,5,1,1,short-term,automatic transfer,0,104.64919604001302,6543.15247518215,17.790059777464876,55.30958663736464,65.18677721880702,1,5.0,0.0,8b0fd702-fde5-11ec-bf37-0242ac1c0002,0,0,1,3,upgrade_package,1
Female,5,1,1,short-term,automatic transfer,1,147.02431687317528,7486.935988304546,24.99175009475836,53.68587461449526,75.39180673398087,1,0.0,1.0,8b0fd7e8-fde5-11ec-bf37-0242ac1c0002,1,1,0,7,upgrade_package,1
Female,5,1,1,short-term,mail,2,129.65797043775427,7051.152115542117,22.041190615503965,47.61882707370092,53.665020768173385,1,5.0,0.0,8b0fdeb4-fde5-11ec-bf37-0242ac1c0002,0,0,1,8,upgrade_package,1
Female,5,1,1,short-term,automatic transfer,2,143.22001342410869,6997.087993273844,24.34734479636082,65.3322665184628,75.45073383071261,1,5.0,0.0,8b0fe0f8-fde5-11ec-bf37-0242ac1c0002,1,0,0,7,upgrade_package,1
Female,5,1,1,short-term,email,1,123.0453252572305,4943.54018151529,20.918016763868973,65.53923644638664,70.01471460595909,1,5.0,0.0,8b0fe166-fde5-11ec-bf37-0242ac1c0002,0,0,1,7,upgrade_package,1
Male,5,1,1,short-term,mail,0,151.27348732193187,4673.746829819269,25.714813454448706,59.65187298030156,80.38039061409404,1,5.0,0.0,8b0fe1d4-fde5-11ec-bf37-0242ac1c0002,1,0,0,3,upgrade_package,1
Male,5,1,1,short-term,email,1,125.22793194465106,6753.6372812987065,21.287110818315877,53.255774458347176,62.64413927474629,1,5.0,0.0,8b0fe440-fde5-11ec-bf37-0242ac1c0002,0,0,1,3,upgrade_package,1
Female,5,1,1,short-term,automatic transfer,3,118.24412335069076,7750.307651890508,20.10021878396574,65.68915104233295,77.95994454035038,1,5.0,0.0,8b0fe54e-fde5-11ec-bf37-0242ac1c0002,1,0,0,7,upgrade_package,1
Female,5,1,1,short-term,email,2,126.69061086168166,6080.026520489226,21.53823481352809,53.776607265604014,57.331507489609216,1,5.0,0.0,8b0fe67a-fde5-11ec-bf37-0242ac1c0002,0,1,0,8,upgrade_package,1
Female,5,1,1,short-term,email,2,128.21656685932777,5432.110516684037,21.7965427858889,66.20162771277532,60.34062224179656,1,5.0,0.0,8b0fe7e2-fde5-11ec-bf37-0242ac1c0002,0,0,1,7,upgrade_package,1
Male,5,1,1,short-term,automatic transfer,0,122.74590916543924,7001.061094929138,20.86736314312309,73.12386928864396,89.85789279781197,1,5.0,0.0,8b0fe8d2-fde5-11ec-bf37-0242ac1c0002,0,0,1,3,upgrade_package,1
Female,5,1,1,short-term,automatic transfer,2,115.33505867145249,6553.327761466721,19.605273875742004,72.90598055318723,77.44333510695498,1,5.0,0.0,8b0fe940-fde5-11ec-bf37-0242ac1c0002,1,0,0,7,upgrade_package,1
Male,5,1,1,short-term,email,5,143.3057004584627,8207.892177376523,24.361318995150256,65.58499763133375,68.52429905518554,1,5.0,0.0,8b0feb84-fde5-11ec-bf37-0242ac1c0002,1,0,0,3,upgrade_package,1
Female,5,1,1,short-term,email,0,125.5044194129011,3709.051478347193,21.33344384202678,65.85695579123406,78.41855443438318,1,5.0,0.0,8b0fee68-fde5-11ec-bf37-0242ac1c0002,0,0,1,7,upgrade_package,1
Male,5,1,0,short-term,mail,3,91.5050846450011,0.0,15.557010240070804,0.0,21.8561845656922,1,5.0,0.0,8b0ffc82-fde5-11ec-bf37-0242ac1c0002,0,0,1,4,upgrade_package,1
Male,5,1,1,long-term,mail,3,122.13832969897608,4702.189113360788,20.763890237968145,49.23610976203186,57.9,1,5.0,0.0,8b0fff20-fde5-11ec-bf37-0242ac1c0002,1,0,0,2,upgrade_package,1
Male,46,1,1,short-term,email,1,123.788887988054,6493.07165799698,21.044490203844948,63.49626926012738,82.71540930141016,1,32.0,1.0,8b1012f8-fde5-11ec-bf37-0242ac1c0002,1,0,0,3,upgrade_package,1
Male,46,1,1,short-term,email,1,123.788887988054,6586.056922902062,21.044490203844948,64.52268989467909,84.02406536268273,1,21.0,1.0,8b1013e8-fde5-11ec-bf37-0242ac1c0002,0,0,1,3,upgrade_package,1
Female,46,1,1,long-term,email,1,123.788887988054,8124.649667423742,21.044490203844948,87.82090054823078,103.1049250534005,1,12.0,1.0,8b1027fc-fde5-11ec-bf37-0242ac1c0002,1,0,0,0,upgrade_package,1
Female,46,1,1,long-term,automatic transfer,0,123.788887988054,9099.620212008313,21.044490203844948,76.11268590836018,95.52064052700116,1,46.0,0.0,8b10287e-fde5-11ec-bf37-0242ac1c0002,1,0,0,0,upgrade_package,1
Female,11,1,1,short-term,email,1,118.864004477244,2441.225572255483,20.236248576542888,30.244274655723157,46.001506280807455,1,0.0,1.0,8b10444e-fde5-11ec-bf37-0242ac1c0002,0,1,0,8,upgrade_package,1
Male,11,1,1,short-term,email,2,114.9101359738907,6309.479319252996,19.532606175890315,73.97090585267759,70.54165339139207,1,11.0,0.0,8b105376-fde5-11ec-bf37-0242ac1c0002,0,0,1,3,upgrade_package,1
Male,11,1,1,short-term,email,1,137.2440586184719,3620.015409481172,23.3304008457968,57.454636708035984,94.645481447471,1,4.0,1.0,8b105466-fde5-11ec-bf37-0242ac1c0002,0,0,1,3,upgrade_package,1
Male,11,1,1,short-term,email,2,117.89875345495987,5338.999667186785,20.042411898549144,52.15919651103829,72.84297680852762,1,10.0,1.0,8b1054d4-fde5-11ec-bf37-0242ac1c0002,0,0,1,3,upgrade_package,1
Male,11,1,1,short-term,email,1,114.15289757332634,7296.931635290365,19.40570575875109,64.86873263112953,70.52059063480692,1,3.0,1.0,8b105baa-fde5-11ec-bf37-0242ac1c0002,0,1,0,3,upgrade_package,1
Female,11,1,1,short-term,email,1,116.96744849381248,5582.836512588181,19.884331512585163,63.99849705739173,79.12830983402536,1,0.0,1.0,8b105fce-fde5-11ec-bf37-0242ac1c0002,1,1,0,7,upgrade_package,1
Female,11,1,1,short-term,email,3,135.36856367124096,7653.982031349818,23.012238481105506,56.47564847206621,87.45930663108963,1,4.0,1.0,8b10603c-fde5-11ec-bf37-0242ac1c0002,0,1,0,7,upgrade_package,1
Male,70,1,1,long-term,automatic transfer,2,123.788887988054,6597.448607471198,21.044490203844948,92.88805266667669,112.6881296336176,1,69.0,1.0,8b10bd5c-fde5-11ec-bf37-0242ac1c0002,1,0,0,0,upgrade_package,1
Female,43,1,1,short-term,email,3,123.788887988054,3975.716024806668,21.044490203844948,34.586869199063905,56.25912354756447,1,26.0,1.0,8b10ff24-fde5-11ec-bf37-0242ac1c0002,0,0,1,8,upgrade_package,1
Male,43,1,1,short-term,mail,1,123.788887988054,5550.311238229087,21.044490203844948,60.81771152318913,78.90692488925762,1,9.0,1.0,8b1106a4-fde5-11ec-bf37-0242ac1c0002,1,1,0,3,upgrade_package,1
Female,43,1,1,short-term,email,6,123.788887988054,6035.864352775177,21.044490203844948,69.54947273893109,89.99781836183917,1,31.0,1.0,8b11082a-fde5-11ec-bf37-0242ac1c0002,0,1,0,7,upgrade_package,1
Male,43,1,1,short-term,email,1,123.788887988054,8537.961478850399,21.044490203844948,64.24353849088445,83.73250232431275,1,43.0,0.0,8b1108a2-fde5-11ec-bf37-0242ac1c0002,0,0,1,3,upgrade_package,1
Male,43,1,1,short-term,email,1,123.788887988054,8019.09418746159,21.044490203844948,83.70466889873704,100.7184433755464,1,43.0,0.0,8b110910-fde5-11ec-bf37-0242ac1c0002,0,1,0,3,upgrade_package,1
Male,43,1,1,short-term,automatic transfer,5,123.788887988054,6020.382402850344,21.044490203844948,76.05154575534324,94.70563875415354,1,25.0,1.0,8b110b18-fde5-11ec-bf37-0242ac1c0002,0,1,0,3,upgrade_package,1
Male,43,1,1,short-term,email,2,123.788887988054,7346.076681085657,21.044490203844948,58.89558031547483,77.83926936984851,1,43.0,0.0,8b110b86-fde5-11ec-bf37-0242ac1c0002,1,0,0,3,upgrade_package,1
Female,43,1,1,long-term,email,1,123.788887988054,7959.31506905091,21.044490203844948,83.58722051268396,103.05680726749448,1,43.0,0.0,8b111d88-fde5-11ec-bf37-0242ac1c0002,1,0,0,0,upgrade_package,1
Male,15,1,1,short-term,mail,0,127.81671694225848,2329.227012514812,21.727517563477207,33.63792616220967,54.44469,1,15.0,0.0,8b112f44-fde5-11ec-bf37-0242ac1c0002,1,0,0,5,upgrade_package,1
Female,15,1,1,short-term,mail,0,112.71104875353268,3382.199909878811,19.16012693446175,40.9298216899129,56.942465,1,15.0,0.0,8b112fbc-fde5-11ec-bf37-0242ac1c0002,0,0,1,8,upgrade_package,1
Male,15,1,1,short-term,automatic transfer,0,142.1926926417574,6133.662684665575,24.1712131601915,63.73029252978175,90.715808,1,15.0,0.0,8b1142b8-fde5-11ec-bf37-0242ac1c0002,1,0,0,3,upgrade_package,1
Female,15,1,1,short-term,automatic transfer,0,112.79915780632872,5865.785208505031,19.174597990886763,63.2092894310368,77.817339,1,2.0,1.0,8b11440c-fde5-11ec-bf37-0242ac1c0002,1,1,0,7,upgrade_package,1
Female,15,1,1,short-term,email,0,145.05596276589748,7663.519380610656,24.6573718708006,67.72045992905822,91.093281,1,15.0,0.0,8b114754-fde5-11ec-bf37-0242ac1c0002,1,0,0,7,upgrade_package,1
Male,15,1,1,short-term,automatic transfer,0,122.2675148056096,6738.953207541772,20.78604301655445,76.55434268569628,87.725444,1,15.0,0.0,8b114d3a-fde5-11ec-bf37-0242ac1c0002,0,0,1,3,upgrade_package,1
Female,15,1,1,short-term,automatic transfer,0,117.6882027536309,5062.699392073007,20.00584797453512,47.91021844823905,64.856386,1,15.0,0.0,8b114da8-fde5-11ec-bf37-0242ac1c0002,0,0,1,8,upgrade_package,1
Female,15,1,1,short-term,automatic transfer,0,115.54626124123244,5843.024704626517,19.63954092840277,70.48133845818285,80.911417,1,15.0,0.0,8b114e8e-fde5-11ec-bf37-0242ac1c0002,0,0,1,7,upgrade_package,1
Male,15,1,1,short-term,email,0,116.16199340447682,6142.638301875841,19.74862184084561,54.84964473673857,68.398326,1,0.0,1.0,8b114f74-fde5-11ec-bf37-0242ac1c0002,1,1,0,3,upgrade_package,1
Female,15,1,1,short-term,email,0,116.61088344310124,5832.895331654467,19.8220505230104,46.40663169182371,65.284121,1,15.0,0.0,8b114fec-fde5-11ec-bf37-0242ac1c0002,0,0,1,8,upgrade_package,1
Male,15,1,1,short-term,mail,0,110.18619220661984,7067.544070557988,18.73103919790005,56.53598775752761,70.625377,1,15.0,0.0,8b115064-fde5-11ec-bf37-0242ac1c0002,0,0,1,3,upgrade_package,1
Male,15,1,0,short-term,email,0,143.14926574891982,0.0,24.32018334218832,0.0,21.728943,1,4.0,1.0,8b115b40-fde5-11ec-bf37-0242ac1c0002,0,1,0,4,upgrade_package,1
Male,60,1,1,short-term,email,0,123.788887988054,7740.628737236829,21.044490203844948,75.27032284131083,94.7420239743861,1,9.0,1.0,8b1172b0-fde5-11ec-bf37-0242ac1c0002,0,0,1,3,upgrade_package,1
Male,60,1,1,long-term,email,2,123.788887988054,5681.930798305732,21.044490203844948,70.78003944759053,90.29536601844276,1,22.0,1.0,8b118ee4-fde5-11ec-bf37-0242ac1c0002,0,0,1,3,upgrade_package,1
Female,18,1,1,short-term,email,1,123.788887988054,5735.021843073906,21.044490203844948,61.8158809960867,75.7121833418972,1,18.0,0.0,8b11bd06-fde5-11ec-bf37-0242ac1c0002,1,0,0,7,upgrade_package,1
Male,18,1,1,short-term,email,0,123.788887988054,4903.541115452572,21.044490203844948,67.6560470876436,85.06242359250572,1,2.0,1.0,8b11bdec-fde5-11ec-bf37-0242ac1c0002,1,1,0,3,upgrade_package,1
Male,18,1,1,short-term,email,1,123.788887988054,6972.173155090177,21.044490203844948,63.02009396948659,87.6983713471672,1,9.0,1.0,8b11be5a-fde5-11ec-bf37-0242ac1c0002,1,0,0,3,upgrade_package,1
Female,18,1,1,short-term,automatic transfer,0,123.788887988054,6293.6203526739055,21.044490203844948,58.67724099241664,81.76126213214583,1,18.0,0.0,8b11c09e-fde5-11ec-bf37-0242ac1c0002,1,0,0,7,upgrade_package,1
Female,18,1,1,short-term,automatic transfer,2,123.788887988054,7895.630850879462,21.044490203844948,76.2154510108499,90.76671934816056,1,18.0,0.0,8b11c35a-fde5-11ec-bf37-0242ac1c0002,1,0,0,7,upgrade_package,1
Female,18,1,1,short-term,email,1,123.788887988054,7233.418116284649,21.044490203844948,70.56697718185428,88.14948465339363,1,13.0,1.0,8b11c634-fde5-11ec-bf37-0242ac1c0002,0,1,0,7,upgrade_package,1
Female,18,1,0,long-term,automatic transfer,0,123.788887988054,0.0,21.044490203844948,0.0,20.571052631578947,1,18.0,0.0,8b11db74-fde5-11ec-bf37-0242ac1c0002,0,0,1,1,upgrade_package,1
Male,66,1,1,short-term,automatic transfer,1,123.788887988054,7979.352551218561,21.044490203844948,77.79980331673833,99.82295569043374,1,58.0,1.0,8b11e060-fde5-11ec-bf37-0242ac1c0002,1,0,0,3,upgrade_package,1
Female,66,1,1,short-term,automatic transfer,0,123.788887988054,6278.641285405309,21.044490203844948,69.37078248379169,89.99267230585849,1,36.0,1.0,8b11e0d8-fde5-11ec-bf37-0242ac1c0002,0,0,1,7,upgrade_package,1
Male,66,1,1,long-term,automatic transfer,1,123.788887988054,5054.378846312786,21.044490203844948,58.8603753743748,77.65672468094976,1,66.0,0.0,8b11f6c2-fde5-11ec-bf37-0242ac1c0002,1,0,0,2,upgrade_package,1
Female,66,1,1,long-term,automatic transfer,4,123.788887988054,8648.880633519178,21.044490203844948,85.23798557725428,107.26534047812184,1,40.0,1.0,8b120856-fde5-11ec-bf37-0242ac1c0002,1,0,0,0,upgrade_package,1
Male,66,1,1,long-term,automatic transfer,3,123.788887988054,8977.131542132225,21.044490203844948,87.60550166586509,108.90020132680864,1,66.0,0.0,8b120a9a-fde5-11ec-bf37-0242ac1c0002,0,0,1,0,upgrade_package,1
Male,9,1,1,short-term,mail,2,113.53584390037224,3357.8123787183386,19.30120855403789,43.82220359973998,57.176069077339264,1,9.0,0.0,8b122598-fde5-11ec-bf37-0242ac1c0002,0,0,1,5,upgrade_package,1
Female,9,1,1,short-term,email,2,117.32132431299635,4042.489922767928,19.944557271376173,41.179113377251554,56.83653076430696,1,9.0,0.0,8b122b6a-fde5-11ec-bf37-0242ac1c0002,0,0,1,8,upgrade_package,1
Female,9,0,1,short-term,email,2,0.0,1446.425767829749,0.0,14.939916310296352,30.74525578465964,1,9.0,0.0,8b123010-fde5-11ec-bf37-0242ac1c0002,0,0,1,9,upgrade_package,1
Male,9,0,1,short-term,mail,4,0.0,1726.3348429930347,0.0,11.981829382896446,26.33606456731206,1,9.0,0.0,8b12352e-fde5-11ec-bf37-0242ac1c0002,1,0,0,9,upgrade_package,1
Male,9,1,1,short-term,automatic transfer,0,115.5916150494234,5168.909609103106,19.650164494110932,69.07444639808128,86.76714022395466,1,9.0,0.0,8b1256d0-fde5-11ec-bf37-0242ac1c0002,0,1,0,3,upgrade_package,1
Male,9,1,1,short-term,email,1,113.09304268307386,6703.8335882932815,19.226001359270885,72.27699025285784,63.49223186322067,1,9.0,0.0,8b1258a6-fde5-11ec-bf37-0242ac1c0002,0,0,1,3,upgrade_package,1
Female,9,1,1,short-term,email,0,122.6325768136914,4676.835275824869,20.84792412829186,51.66005705062449,64.42149475948182,1,9.0,0.0,8b12598c-fde5-11ec-bf37-0242ac1c0002,0,0,1,8,upgrade_package,1
Male,9,1,1,short-term,automatic transfer,1,111.83239677727408,8416.579582874052,19.01171840405557,71.28659872857135,84.92636870706133,1,9.0,0.0,8b1259fa-fde5-11ec-bf37-0242ac1c0002,1,0,0,3,upgrade_package,1
Male,9,1,1,short-term,automatic transfer,3,119.90984068046752,6117.559706441917,20.384798787483867,75.12129829277858,90.63189824623348,1,1.0,1.0,8b125c3e-fde5-11ec-bf37-0242ac1c0002,0,1,0,3,upgrade_package,1
Female,9,1,1,short-term,email,2,114.13253075954712,6952.906460111017,19.40288172687321,65.78782176599952,66.55327105906521,1,6.0,1.0,8b125d9c-fde5-11ec-bf37-0242ac1c0002,1,0,0,7,upgrade_package,1
Female,9,1,1,short-term,email,0,118.34568528942988,8018.30042928773,20.118752725486612,77.3978034716349,80.14391748830037,1,9.0,0.0,8b125efa-fde5-11ec-bf37-0242ac1c0002,0,0,1,7,upgrade_package,1
Female,9,1,1,short-term,email,2,111.7992681315938,7287.881296285041,19.00707620418824,71.80336841645685,87.36959186176365,1,9.0,0.0,8b126742-fde5-11ec-bf37-0242ac1c0002,1,0,0,7,upgrade_package,1
Male,9,0,1,long-term,automatic transfer,0,0.0,90.19540346110304,0.0,2.836521067690157,25.98,1,9.0,0.0,8b127430-fde5-11ec-bf37-0242ac1c0002,0,0,1,9,upgrade_package,1
Female,3,0,1,short-term,email,0,0.0,3316.2197496416447,0.0,33.02700485633295,42.7788,1,3.0,0.0,8b129550-fde5-11ec-bf37-0242ac1c0002,0,0,1,9,upgrade_package,1
Female,3,0,1,short-term,mail,0,0.0,2067.9557900142663,0.0,20.84783699440769,40.1318,1,3.0,0.0,8b12979e-fde5-11ec-bf37-0242ac1c0002,0,1,0,9,upgrade_package,1
Male,3,0,1,short-term,email,1,0.0,571.2095823122472,0.0,5.900092001582108,17.056,1,3.0,0.0,8b129cbc-fde5-11ec-bf37-0242ac1c0002,0,0,1,9,upgrade_package,1
Male,3,1,1,short-term,email,1,114.49841266852492,2859.423131396764,19.464763212329203,22.37788962366583,36.2798,1,3.0,0.0,8b129d34-fde5-11ec-bf37-0242ac1c0002,0,0,1,5,upgrade_package,1
Female,3,1,1,short-term,automatic transfer,1,118.22276554671812,4509.061284814102,20.098343542758965,31.64616433798633,40.9478,1,3.0,0.0,8b129f78-fde5-11ec-bf37-0242ac1c0002,1,0,0,8,upgrade_package,1
Male,3,0,1,short-term,mail,1,0.0,3888.362869891738,0.0,28.80118734239896,34.1024,1,3.0,0.0,8b12a0d6-fde5-11ec-bf37-0242ac1c0002,0,0,1,9,upgrade_package,1
Male,3,1,1,short-term,email,1,116.23409772793572,1807.6761735453083,19.760406891454583,13.62522329243117,17.6176,1,1.0,1.0,8b12a158-fde5-11ec-bf37-0242ac1c0002,1,0,0,5,upgrade_package,1
Female,3,0,1,short-term,email,0,0.0,242.52273294813224,0.0,9.121499750925713,21.2733,1,3.0,0.0,8b12a23e-fde5-11ec-bf37-0242ac1c0002,1,0,0,9,upgrade_package,1
Male,3,1,1,short-term,email,0,119.19878177454432,1498.6491962970963,20.263991434626806,24.58905147217592,25.1374,1,1.0,1.0,8b12a39c-fde5-11ec-bf37-0242ac1c0002,0,1,0,5,upgrade_package,1
Female,3,0,1,short-term,email,1,0.0,2565.9174087854262,0.0,17.68496274319349,18.0731,1,3.0,0.0,8b12a6d0-fde5-11ec-bf37-0242ac1c0002,0,0,1,9,upgrade_package,1
Male,3,0,1,short-term,mail,2,0.0,3101.571290047623,0.0,9.577429472511216,28.9376,1,3.0,0.0,8b12a73e-fde5-11ec-bf37-0242ac1c0002,0,1,0,9,upgrade_package,1
Male,3,1,1,short-term,mail,0,118.67903686003608,5302.764511864094,20.175442732389406,47.90295923063741,43.9377,1,3.0,0.0,8b12a7b6-fde5-11ec-bf37-0242ac1c0002,1,0,0,5,upgrade_package,1
Male,3,0,1,short-term,mail,1,0.0,605.0875737223839,0.0,6.907361651742377,16.5896,1,0.0,1.0,8b12a9fa-fde5-11ec-bf37-0242ac1c0002,0,1,0,9,upgrade_package,1
Male,3,1,1,short-term,email,1,117.63772877711835,3309.900527748515,19.999156302319363,35.020411668796896,45.923,1,3.0,0.0,8b12aa68-fde5-11ec-bf37-0242ac1c0002,0,0,1,5,upgrade_package,1
Female,3,1,1,short-term,email,0,117.4915598009614,5536.087822085046,19.9742190718778,57.22439942609724,55.6863,1,2.0,1.0,8b12c278-fde5-11ec-bf37-0242ac1c0002,0,1,0,8,upgrade_package,1
Female,3,1,1,short-term,email,1,114.99901566835428,6070.069184707694,19.5503207176758,49.26627246790659,54.6946,1,3.0,0.0,8b12c444-fde5-11ec-bf37-0242ac1c0002,0,0,1,8,upgrade_package,1
Male,3,1,1,short-term,email,2,118.0249668067643,7349.738501302484,20.064727669258684,61.88537999793,68.9973,1,3.0,0.0,8b12c4bc-fde5-11ec-bf37-0242ac1c0002,0,0,1,3,upgrade_package,1
Male,3,1,1,short-term,email,1,114.63393094620342,5608.687402236943,19.48782481230473,57.60426163253247,65.3487,1,3.0,0.0,8b12c7a0-fde5-11ec-bf37-0242ac1c0002,1,0,0,3,upgrade_package,1
Female,3,1,1,short-term,email,3,112.907126399579,4200.854568447776,19.19453511076296,52.65820528958594,53.3211,1,3.0,0.0,8b12c818-fde5-11ec-bf37-0242ac1c0002,1,0,0,8,upgrade_package,1
Male,3,1,1,short-term,email,0,119.6341296543243,5098.42156898426,20.33817289248503,55.0133267500467,63.8035,1,3.0,0.0,8b12cad4-fde5-11ec-bf37-0242ac1c0002,1,0,0,5,upgrade_package,1
Male,3,1,1,short-term,email,0,118.07911624176327,7659.522468548082,20.07373094414468,66.23571293023393,80.1752,1,3.0,0.0,8b12cd86-fde5-11ec-bf37-0242ac1c0002,1,0,0,3,upgrade_package,1
Female,3,1,1,short-term,email,1,116.036870370045,5706.13568502351,19.72658647601241,54.86701598271046,54.573,1,2.0,1.0,8b12ce1c-fde5-11ec-bf37-0242ac1c0002,0,1,0,8,upgrade_package,1
Female,3,1,1,short-term,automatic transfer,2,120.76268638057977,6572.779889631732,20.53008089208379,58.98723284710348,54.842,1,1.0,1.0,8b12cf02-fde5-11ec-bf37-0242ac1c0002,1,1,0,7,upgrade_package,1
Male,3,1,1,short-term,automatic transfer,3,116.96339538111552,7061.673200014154,19.883900382935497,82.77218520852217,67.608,1,2.0,1.0,8b12cf70-fde5-11ec-bf37-0242ac1c0002,0,0,1,3,upgrade_package,1
Male,3,1,1,short-term,automatic transfer,1,113.63019823660537,7870.516845742199,19.31739650802993,80.29554137127245,71.7485,1,3.0,0.0,8b12cfe8-fde5-11ec-bf37-0242ac1c0002,1,0,0,3,upgrade_package,1
Female,3,1,1,short-term,email,2,118.92331690780478,4050.7480685385112,20.217201991057408,52.97751719693162,54.4265,1,2.0,1.0,8b12d056-fde5-11ec-bf37-0242ac1c0002,0,1,0,8,upgrade_package,1
Female,3,1,1,short-term,automatic transfer,2,113.64500469125116,6667.407196294531,19.320086539981475,51.99198568248554,55.8856,1,3.0,0.0,8b12d0ce-fde5-11ec-bf37-0242ac1c0002,1,0,0,8,upgrade_package,1
Female,3,1,1,short-term,email,3,118.18569742179216,8303.077107468625,20.091837672561283,80.78630120036341,81.6464,1,3.0,0.0,8b12d1aa-fde5-11ec-bf37-0242ac1c0002,1,0,0,7,upgrade_package,1
Male,3,1,1,short-term,email,0,119.13880416472117,7306.899182798337,20.253836286782157,55.55755333023063,58.5969,1,1.0,1.0,8b12d380-fde5-11ec-bf37-0242ac1c0002,0,0,1,3,upgrade_package,1
Female,3,1,1,short-term,automatic transfer,0,120.2799870581156,5543.147135903516,20.44779625457564,57.148856552471294,60.2169,1,3.0,0.0,8b12d4d4-fde5-11ec-bf37-0242ac1c0002,1,0,0,7,upgrade_package,1
Female,3,1,1,short-term,email,1,116.7401497695131,6646.338827107476,19.84637858781501,53.01617437897847,57.6892,1,2.0,1.0,8b12d72c-fde5-11ec-bf37-0242ac1c0002,1,1,0,8,upgrade_package,1
Female,3,1,1,short-term,automatic transfer,3,115.03887088187297,6503.25014229954,19.55655348667344,52.72316381536607,54.2516,1,0.0,1.0,8b12d894-fde5-11ec-bf37-0242ac1c0002,0,0,1,8,upgrade_package,1
Female,3,1,1,short-term,email,3,116.72784724136726,4697.608977626916,19.844253431228665,53.77090672234987,58.226,1,0.0,1.0,8b12db46-fde5-11ec-bf37-0242ac1c0002,1,0,0,8,upgrade_package,1
Female,3,1,1,short-term,automatic transfer,2,118.46277299796772,8716.460998391722,20.138961405994632,81.82761811314502,71.6668,1,3.0,0.0,8b12ddb2-fde5-11ec-bf37-0242ac1c0002,1,0,0,7,upgrade_package,1
Female,3,1,1,short-term,email,2,118.58456542296582,6782.463084025948,20.15955059343502,79.29447132655633,80.9727,1,3.0,0.0,8b12e032-fde5-11ec-bf37-0242ac1c0002,1,0,0,7,upgrade_package,1
Male,3,1,1,short-term,automatic transfer,0,116.91752161019096,6413.94493068746,19.876293012881657,69.96751686585031,81.0455,1,3.0,0.0,8b12e26c-fde5-11ec-bf37-0242ac1c0002,0,0,1,3,upgrade_package,1
Female,3,1,0,short-term,mail,1,117.45228816385604,0.0,19.90877099238043,0.0,16.0322,1,3.0,0.0,8b12f72a-fde5-11ec-bf37-0242ac1c0002,0,0,1,4,upgrade_package,1
Male,3,1,0,short-term,email,1,117.79342190934253,0.0,19.979259278372574,0.0,13.4985,1,3.0,0.0,8b12f7a2-fde5-11ec-bf37-0242ac1c0002,0,1,0,4,upgrade_package,1
Female,3,1,0,short-term,mail,1,116.3878972153907,0.0,19.75363881584008,0.0,15.2911,1,3.0,0.0,8b12f9dc-fde5-11ec-bf37-0242ac1c0002,0,0,1,4,upgrade_package,1
Male,31,1,1,short-term,automatic transfer,2,123.788887988054,3525.17937962819,21.044490203844948,24.43133440184801,43.332663,1,31.0,0.0,8b1306ac-fde5-11ec-bf37-0242ac1c0002,1,0,0,5,upgrade_package,1
Female,31,1,1,short-term,email,2,123.788887988054,6389.270533419263,21.044490203844948,69.76560376789877,89.1523243,1,19.0,1.0,8b13152a-fde5-11ec-bf37-0242ac1c0002,1,0,0,7,upgrade_package,1
Male,31,1,1,short-term,automatic transfer,1,123.788887988054,5613.166596002329,21.044490203844948,54.64755138381926,71.2151871,1,31.0,0.0,8b131732-fde5-11ec-bf37-0242ac1c0002,1,0,0,3,upgrade_package,1
Female,31,1,1,short-term,email,3,123.788887988054,7327.35170004907,21.044490203844948,63.75883350983005,82.5124547,1,19.0,1.0,8b131a98-fde5-11ec-bf37-0242ac1c0002,0,0,1,7,upgrade_package,1
Male,50,1,1,short-term,email,1,123.788887988054,7508.024524946456,21.044490203844948,75.08866553024839,93.76403005762188,1,45.0,1.0,8b133348-fde5-11ec-bf37-0242ac1c0002,1,0,0,3,upgrade_package,1
Female,50,1,1,long-term,email,0,123.788887988054,8467.58076987904,21.044490203844948,88.53730075711431,108.91794797851784,1,50.0,0.0,8b134e8c-fde5-11ec-bf37-0242ac1c0002,1,0,0,0,upgrade_package,1
Female,64,0,1,long-term,email,6,0.0,2063.100090502362,0.0,29.35736419719785,50.76423154973782,1,64.0,0.0,8b136b6a-fde5-11ec-bf37-0242ac1c0002,0,0,1,6,upgrade_package,1
Female,64,1,1,long-term,automatic transfer,1,123.788887988054,7993.737458173888,21.044490203844948,81.15344156594331,100.04585984112938,1,41.0,1.0,8b13800a-fde5-11ec-bf37-0242ac1c0002,0,0,1,0,upgrade_package,1
Male,56,1,1,short-term,automatic transfer,0,148.5628516563683,6714.317602025467,25.2445285275096,75.2397112524868,99.6216109629336,1,10.0,1.0,8b139694-fde5-11ec-bf37-0242ac1c0002,1,0,0,3,upgrade_package,1
Male,56,1,0,long-term,email,1,147.15541739024528,0.0,25.031158603007583,0.0,23.349390111420128,1,24.0,1.0,8b13bf8e-fde5-11ec-bf37-0242ac1c0002,1,0,0,1,upgrade_package,1
Female,7,1,1,short-term,automatic transfer,1,117.32496157675384,2817.663530494326,19.956728330916143,35.44512106236862,47.25525,1,3.0,1.0,8b13d758-fde5-11ec-bf37-0242ac1c0002,0,1,0,8,upgrade_package,1
Female,7,1,1,short-term,automatic transfer,1,119.93701233294722,6100.900159856242,20.38960810854349,54.61663159165914,73.27062,1,7.0,0.0,8b13e928-fde5-11ec-bf37-0242ac1c0002,0,1,0,7,upgrade_package,1
Male,7,1,1,short-term,email,0,118.7076348630062,7355.499731529259,20.180443753465426,66.80611726708102,59.21135,1,7.0,0.0,8b13ee96-fde5-11ec-bf37-0242ac1c0002,0,0,1,3,upgrade_package,1
Female,7,1,1,short-term,email,2,115.98205385208168,8446.209105444763,19.717641695518694,75.7486862892361,77.57112,1,6.0,1.0,8b13f09e-fde5-11ec-bf37-0242ac1c0002,0,1,0,7,upgrade_package,1
Female,7,1,1,short-term,email,2,113.90820232611188,7831.666775124304,19.36472991815133,69.42636735469513,62.78632,1,6.0,1.0,8b13f620-fde5-11ec-bf37-0242ac1c0002,1,1,0,7,upgrade_package,1
Female,7,1,1,short-term,mail,2,114.52003007017524,5161.926019774928,19.46874506773415,62.31998190862671,67.397,1,3.0,1.0,8b13f706-fde5-11ec-bf37-0242ac1c0002,1,1,0,8,upgrade_package,1
Female,7,1,1,short-term,email,1,116.4302446237277,8385.77538850526,19.79327946323157,81.30414527951831,87.71439,1,7.0,0.0,8b13f774-fde5-11ec-bf37-0242ac1c0002,1,0,0,7,upgrade_package,1
Male,7,1,1,short-term,mail,2,113.94263764754648,7461.087949521381,19.370457525120543,68.84064004697152,80.35504,1,7.0,0.0,8b13f92c-fde5-11ec-bf37-0242ac1c0002,0,0,1,3,upgrade_package,1
Female,7,1,1,short-term,mail,1,116.28738250495798,6375.893000929273,19.76941127036023,63.419907578298925,75.75958,1,3.0,1.0,8b13fdb4-fde5-11ec-bf37-0242ac1c0002,1,0,0,7,upgrade_package,1
Male,7,1,1,short-term,email,1,112.98305485962922,6563.858219984785,19.207444616356028,64.54088909751778,67.56981,1,7.0,0.0,8b13fe9a-fde5-11ec-bf37-0242ac1c0002,0,0,1,3,upgrade_package,1
Female,7,1,1,short-term,email,1,116.85807028324324,5574.291531596654,19.86585766572396,56.45110129982207,61.49653,1,6.0,1.0,8b13fff8-fde5-11ec-bf37-0242ac1c0002,0,0,1,8,upgrade_package,1
Male,42,1,1,short-term,email,2,123.788887988054,7925.084968044035,21.044490203844948,83.43137179821947,103.28091095341948,1,38.0,1.0,8b142438-fde5-11ec-bf37-0242ac1c0002,1,0,0,3,upgrade_package,1
Male,42,1,1,short-term,automatic transfer,2,123.788887988054,8633.688603071338,21.044490203844948,80.0006487741479,97.39185260918968,1,37.0,1.0,8b142604-fde5-11ec-bf37-0242ac1c0002,1,0,0,3,upgrade_package,1
Male,42,1,1,short-term,email,3,123.788887988054,6533.08229445029,21.044490203844948,80.4156443940375,100.96994822301524,1,28.0,1.0,8b142672-fde5-11ec-bf37-0242ac1c0002,0,1,0,3,upgrade_package,1
Female,42,1,1,short-term,automatic transfer,1,123.788887988054,6990.006438721232,21.044490203844948,53.75266510344825,75.39511996794685,1,20.0,1.0,8b142762-fde5-11ec-bf37-0242ac1c0002,0,0,1,7,upgrade_package,1
Female,42,0,1,long-term,mail,2,0.0,2756.174884670143,0.0,19.90388135223298,40.92546892800642,1,42.0,0.0,8b143086-fde5-11ec-bf37-0242ac1c0002,1,0,0,6,upgrade_package,1
Male,35,1,1,short-term,mail,0,123.788887988054,5191.045041200854,21.044490203844948,44.40414186210798,65.23881605756908,1,35.0,0.0,8b1448dc-fde5-11ec-bf37-0242ac1c0002,0,0,1,5,upgrade_package,1
Male,35,1,1,short-term,email,0,123.788887988054,7284.806344369944,21.044490203844948,67.23987584176847,86.85250626041879,1,6.0,1.0,8b145908-fde5-11ec-bf37-0242ac1c0002,0,0,1,3,upgrade_package,1
Male,35,1,1,short-term,automatic transfer,0,123.788887988054,7120.031145091871,21.044490203844948,77.79100292175228,97.4919265037233,1,18.0,1.0,8b145b88-fde5-11ec-bf37-0242ac1c0002,1,0,0,3,upgrade_package,1
Female,48,0,1,short-term,automatic transfer,3,0.0,2370.5473765918896,0.0,24.25550979615505,43.775510204081634,1,10.0,1.0,8b14859a-fde5-11ec-bf37-0242ac1c0002,1,1,0,9,upgrade_package,1
Male,29,1,1,short-term,email,5,123.788887988054,6795.591435377545,21.044490203844948,63.33716209599039,91.38764623303892,1,23.0,1.0,8b14c3a2-fde5-11ec-bf37-0242ac1c0002,1,1,0,3,upgrade_package,1
Female,29,1,1,short-term,email,2,123.788887988054,4670.861963635055,21.044490203844948,51.1100380707924,66.41964667024672,1,12.0,1.0,8b14c7da-fde5-11ec-bf37-0242ac1c0002,0,0,1,8,upgrade_package,1
Male,29,1,1,short-term,email,2,123.788887988054,8109.663640987866,21.044490203844948,62.26631384482455,86.25445525233643,1,29.0,0.0,8b14c8c0-fde5-11ec-bf37-0242ac1c0002,1,0,0,3,upgrade_package,1
Female,29,1,1,short-term,email,3,123.788887988054,6338.682862708745,21.044490203844948,62.15515570535288,74.36869029114683,1,13.0,1.0,8b14c9b0-fde5-11ec-bf37-0242ac1c0002,1,0,0,7,upgrade_package,1
Male,65,1,1,short-term,automatic transfer,2,123.788887988054,7636.698588348219,21.044490203844948,86.79528341395645,97.42500206362536,1,59.0,1.0,8b14e436-fde5-11ec-bf37-0242ac1c0002,1,0,0,3,upgrade_package,1
Male,65,1,1,long-term,automatic transfer,4,123.788887988054,5950.745807480211,21.044490203844948,52.03677365895799,71.18899300551408,1,65.0,0.0,8b14f28c-fde5-11ec-bf37-0242ac1c0002,0,0,1,2,upgrade_package,1
Female,38,1,1,short-term,automatic transfer,2,123.788887988054,3111.3783352851297,21.044490203844948,36.10550979615505,57.70897435897436,1,38.0,0.0,8b15144c-fde5-11ec-bf37-0242ac1c0002,1,0,0,8,upgrade_package,1
Male,38,1,1,short-term,automatic transfer,1,123.788887988054,7035.425582466102,21.044490203844948,56.496192324653066,75.95815076502653,1,31.0,1.0,8b151c6c-fde5-11ec-bf37-0242ac1c0002,0,0,1,3,upgrade_package,1
Female,38,1,1,short-term,email,3,123.788887988054,8454.764327727795,21.044490203844948,66.91875435442802,85.99624922988285,1,28.0,1.0,8b151f96-fde5-11ec-bf37-0242ac1c0002,1,0,0,7,upgrade_package,1
Female,38,1,1,long-term,automatic transfer,3,123.788887988054,6155.911419302931,21.044490203844948,54.67069185035035,73.64783759410045,1,38.0,0.0,8b1526c6-fde5-11ec-bf37-0242ac1c0002,0,0,1,2,upgrade_package,1
Male,38,1,1,long-term,automatic transfer,2,123.788887988054,4299.230644115242,21.044490203844948,44.61251566572001,63.652398223758304,1,38.0,0.0,8b15273e-fde5-11ec-bf37-0242ac1c0002,0,0,1,2,upgrade_package,1
Female,68,1,1,long-term,automatic transfer,2,123.788887988054,6865.253001966923,21.044490203844948,69.36392452757802,89.0773018726951,1,37.0,1.0,8b1568a2-fde5-11ec-bf37-0242ac1c0002,0,0,1,0,upgrade_package,1
Female,32,1,1,short-term,automatic transfer,3,123.788887988054,5258.592121385996,21.044490203844948,75.02107038486264,97.48925149751548,1,32.0,0.0,8b158af8-fde5-11ec-bf37-0242ac1c0002,1,0,0,7,upgrade_package,1
Male,32,1,1,short-term,email,3,123.788887988054,5839.515988001,21.044490203844948,73.34938601376695,80.49462317164294,1,1.0,1.0,8b1591e2-fde5-11ec-bf37-0242ac1c0002,1,0,0,3,upgrade_package,1
Male,55,1,1,short-term,email,2,123.788887988054,8372.497199445108,21.044490203844948,75.76759291960309,97.56396111718183,1,9.0,1.0,8b15babe-fde5-11ec-bf37-0242ac1c0002,0,1,0,3,upgrade_package,1
Female,55,1,1,short-term,email,1,123.788887988054,7623.116066022048,21.044490203844948,75.26144593726195,97.58092074097144,1,54.0,1.0,8b15bc1c-fde5-11ec-bf37-0242ac1c0002,1,0,0,7,upgrade_package,1
Female,37,0,1,short-term,automatic transfer,3,0.0,1364.4938592215892,0.0,12.58141892566099,30.628901890018984,1,37.0,0.0,8b15dabc-fde5-11ec-bf37-0242ac1c0002,0,0,1,9,upgrade_package,1
Male,37,1,1,short-term,email,0,123.788887988054,5335.775660670435,21.044490203844948,75.11563431268253,102.18300885076108,1,36.0,1.0,8b15e5a2-fde5-11ec-bf37-0242ac1c0002,1,0,0,3,upgrade_package,1
Male,37,1,1,short-term,email,3,123.788887988054,9289.77674187371,21.044490203844948,83.49667967210554,104.83612657289066,1,37.0,0.0,8b15e7e6-fde5-11ec-bf37-0242ac1c0002,1,0,0,3,upgrade_package,1
Female,37,1,1,short-term,email,4,123.788887988054,6885.763336636319,21.044490203844948,70.10935039017636,82.59835649395309,1,12.0,1.0,8b15e9bc-fde5-11ec-bf37-0242ac1c0002,1,1,0,7,upgrade_package,1
Female,37,1,1,short-term,email,1,123.788887988054,5603.995756716047,21.044490203844948,64.6734420052839,86.55309527914812,1,37.0,0.0,8b15eaa2-fde5-11ec-bf37-0242ac1c0002,1,0,0,7,upgrade_package,1
Male,36,1,1,short-term,automatic transfer,0,123.788887988054,7191.044403168306,21.044490203844948,72.8787440409402,91.40211039091726,1,36.0,0.0,8b160c8a-fde5-11ec-bf37-0242ac1c0002,0,0,1,3,upgrade_package,1
Male,36,1,1,short-term,email,0,123.788887988054,7334.271467823697,21.044490203844948,76.66638590814796,95.33854867550042,1,21.0,1.0,8b160d8e-fde5-11ec-bf37-0242ac1c0002,1,1,0,3,upgrade_package,1
Male,41,1,1,short-term,email,5,123.788887988054,8294.485193188066,21.044490203844948,66.16128604212543,90.04100519249872,1,26.0,1.0,8b16308e-fde5-11ec-bf37-0242ac1c0002,1,0,0,3,upgrade_package,1
Female,41,1,1,short-term,email,6,123.788887988054,7642.805427700918,21.044490203844948,68.54298500400026,86.30877115504283,1,5.0,1.0,8b163106-fde5-11ec-bf37-0242ac1c0002,1,0,0,7,upgrade_package,1
Male,6,1,1,short-term,email,4,123.788887988054,4113.218410923533,21.044490203844948,27.35799652487208,38.20122305419095,1,5.0,1.0,8b16614e-fde5-11ec-bf37-0242ac1c0002,0,0,1,5,upgrade_package,1
Female,6,1,1,short-term,automatic transfer,3,123.788887988054,2529.4814224714537,21.044490203844948,23.293395919223684,36.85720792061748,1,6.0,0.0,8b1665e0-fde5-11ec-bf37-0242ac1c0002,0,1,0,8,upgrade_package,1
Male,6,1,1,short-term,automatic transfer,4,123.788887988054,6537.158734456186,21.044490203844948,59.963474293088666,66.71175035189016,1,5.0,1.0,8b16753a-fde5-11ec-bf37-0242ac1c0002,1,0,0,3,upgrade_package,1
Female,6,1,1,short-term,automatic transfer,1,123.788887988054,7228.818339380232,21.044490203844948,65.89481559567321,75.39291709716362,1,6.0,0.0,8b167620-fde5-11ec-bf37-0242ac1c0002,1,0,0,7,upgrade_package,1
Female,6,1,1,short-term,email,2,123.788887988054,5237.01958815169,21.044490203844948,76.5232268207975,83.81286048352906,1,6.0,0.0,8b167710-fde5-11ec-bf37-0242ac1c0002,0,0,1,7,upgrade_package,1
Female,6,1,1,short-term,email,0,123.788887988054,6886.485592274822,21.044490203844948,82.41940918772241,87.79300206773043,1,6.0,0.0,8b167b98-fde5-11ec-bf37-0242ac1c0002,0,0,1,7,upgrade_package,1
Male,6,1,1,short-term,email,3,123.788887988054,7351.859057355872,21.044490203844948,73.75959682232443,76.2578079454761,1,6.0,0.0,8b167de6-fde5-11ec-bf37-0242ac1c0002,0,0,1,3,upgrade_package,1
Female,6,1,1,short-term,automatic transfer,3,123.788887988054,5995.950861490475,21.044490203844948,69.77787185860583,78.93975293036037,1,6.0,0.0,8b167fbc-fde5-11ec-bf37-0242ac1c0002,0,0,1,7,upgrade_package,1
Female,6,1,1,short-term,automatic transfer,4,123.788887988054,6515.021788684618,21.044490203844948,64.5622069238139,70.37043727658647,1,6.0,0.0,8b1680a2-fde5-11ec-bf37-0242ac1c0002,1,0,0,7,upgrade_package,1
Female,6,1,1,short-term,email,0,123.788887988054,7815.49864953244,21.044490203844948,68.72674684428105,76.43749233457697,1,6.0,0.0,8b168200-fde5-11ec-bf37-0242ac1c0002,0,0,1,7,upgrade_package,1
Female,6,1,1,short-term,email,4,123.788887988054,6229.202136240053,21.044490203844948,66.27990057583622,71.85807575083557,1,6.0,0.0,8b16826e-fde5-11ec-bf37-0242ac1c0002,0,0,1,7,upgrade_package,1
Male,4,1,1,short-term,email,1,123.32220695266088,1235.0065210147895,20.962103781653727,11.371569596054767,24.90843346487271,1,2.0,1.0,8b16b1c6-fde5-11ec-bf37-0242ac1c0002,1,0,0,5,upgrade_package,1
Female,4,1,1,short-term,email,2,120.48001956320064,731.3844956448543,20.47434796737377,13.419337190181718,27.996977832170717,1,4.0,0.0,8b16b32e-fde5-11ec-bf37-0242ac1c0002,0,0,1,8,upgrade_package,1
Male,4,1,1,short-term,email,1,120.66570957292193,1319.567021114436,20.505738185278283,26.944302819698347,36.45732045627188,1,4.0,0.0,8b16b996-fde5-11ec-bf37-0242ac1c0002,0,0,1,5,upgrade_package,1
Male,4,1,1,short-term,email,0,120.49004306862986,1872.483950198727,20.47550882578126,9.639395798612632,29.659291290085665,1,4.0,0.0,8b16bad6-fde5-11ec-bf37-0242ac1c0002,0,0,1,5,upgrade_package,1
Female,4,1,1,short-term,mail,2,120.11252365540548,2602.157571416331,20.41449584572355,30.007398534985672,42.94232789729599,1,0.0,1.0,8b16bbbc-fde5-11ec-bf37-0242ac1c0002,0,1,0,8,upgrade_package,1
Male,4,1,1,short-term,email,2,119.0002758023306,1093.1894930947697,20.22882448596501,35.062647015251486,35.693163759871226,1,4.0,0.0,8b16bd38-fde5-11ec-bf37-0242ac1c0002,0,1,0,5,upgrade_package,1
Female,4,1,1,short-term,mail,5,118.68201075380811,3978.660853543818,20.1760117716828,49.89603768166285,55.16785064761052,1,4.0,0.0,8b16bf7c-fde5-11ec-bf37-0242ac1c0002,0,1,0,8,upgrade_package,1
Female,4,1,1,short-term,email,1,120.62941560087772,5305.816435715859,20.507501877976495,55.04048857394351,73.05388278778857,1,4.0,0.0,8b16d386-fde5-11ec-bf37-0242ac1c0002,1,0,0,7,upgrade_package,1
Female,4,1,1,short-term,email,3,121.53775090888838,5621.316317312226,20.66197592826429,56.227578623421536,69.62108676464453,1,1.0,1.0,8b16d75a-fde5-11ec-bf37-0242ac1c0002,1,1,0,7,upgrade_package,1
Female,4,1,1,short-term,automatic transfer,6,120.7338411512952,7325.365700754472,20.525005390248168,72.40203439680417,65.38340453627691,1,4.0,0.0,8b16e4ca-fde5-11ec-bf37-0242ac1c0002,1,0,0,7,upgrade_package,1
Female,4,1,1,short-term,automatic transfer,3,124.18002612837886,5799.96631243105,21.110987055485232,54.97897080722852,71.79746095800812,1,4.0,0.0,8b16e538-fde5-11ec-bf37-0242ac1c0002,1,0,0,7,upgrade_package,1
Female,4,1,1,short-term,email,1,119.4094232948558,5297.2633197616415,20.29977808415989,62.23429748288424,57.66093332303068,1,4.0,0.0,8b16e790-fde5-11ec-bf37-0242ac1c0002,1,0,0,8,upgrade_package,1
Male,4,1,1,short-term,email,0,120.7204058480404,6868.371535063511,20.522627045297643,77.79878576298336,68.85790210688644,1,2.0,1.0,8b16ee02-fde5-11ec-bf37-0242ac1c0002,0,0,1,3,upgrade_package,1
Female,4,1,1,short-term,email,2,121.63869927998246,5408.8481810710455,20.679078463067807,63.24395848163595,62.84063579025428,1,3.0,1.0,8b16f12c-fde5-11ec-bf37-0242ac1c0002,0,0,1,7,upgrade_package,1
Female,4,1,1,short-term,email,1,121.96010973663677,4266.951620733683,20.733500356383768,55.33161471327186,68.05678511468997,1,4.0,0.0,8b16f212-fde5-11ec-bf37-0242ac1c0002,0,1,0,8,upgrade_package,1
Female,4,1,1,short-term,email,0,120.2231493987735,7198.283293571066,20.438481482865907,52.49345631204933,56.60839631639401,1,4.0,0.0,8b16f690-fde5-11ec-bf37-0242ac1c0002,1,0,0,7,upgrade_package,1
Female,4,1,1,short-term,mail,1,124.25844138885648,4031.9001295235016,21.12432281013857,50.880292644514334,61.271302804811874,1,4.0,0.0,8b16f6fe-fde5-11ec-bf37-0242ac1c0002,0,0,1,8,upgrade_package,1
Male,33,1,1,short-term,automatic transfer,3,123.788887988054,6842.215973831,21.044490203844948,66.21761548779904,83.17250672332806,1,33.0,0.0,8b1721c4-fde5-11ec-bf37-0242ac1c0002,0,0,1,3,upgrade_package,1
Female,33,1,1,short-term,email,2,123.788887988054,6478.944034604165,21.044490203844948,63.8055737864732,81.24851810934318,1,33.0,0.0,8b17223c-fde5-11ec-bf37-0242ac1c0002,1,0,0,7,upgrade_package,1
Female,33,1,1,short-term,email,3,123.788887988054,5188.470021663814,21.044490203844948,56.22943269078969,73.40841873909153,1,13.0,1.0,8b172390-fde5-11ec-bf37-0242ac1c0002,0,0,1,7,upgrade_package,1
Female,33,1,1,long-term,email,1,123.788887988054,7341.119331482456,21.044490203844948,75.96618903328888,93.42773048401196,1,33.0,0.0,8b17322c-fde5-11ec-bf37-0242ac1c0002,1,0,0,0,upgrade_package,1
Male,33,1,1,long-term,email,2,123.788887988054,8757.364596134212,21.044490203844948,73.80824474934106,89.59046200671312,1,33.0,0.0,8b1732a4-fde5-11ec-bf37-0242ac1c0002,1,0,0,0,upgrade_package,1
Male,67,1,1,long-term,automatic transfer,0,123.788887988054,9710.102768776484,21.044490203844948,77.23233244247928,95.76616975634091,1,67.0,0.0,8b1768fa-fde5-11ec-bf37-0242ac1c0002,1,0,0,0,upgrade_package,1
Male,67,1,1,long-term,email,3,123.788887988054,8171.475219225128,21.044490203844948,76.83102258996956,97.52999242866798,1,33.0,1.0,8b176bac-fde5-11ec-bf37-0242ac1c0002,1,0,0,0,upgrade_package,1
Male,23,1,1,short-term,automatic transfer,1,123.788887988054,5552.8351909715175,21.044490203844948,79.02013572951611,97.7340537119324,1,21.0,1.0,8b1793b6-fde5-11ec-bf37-0242ac1c0002,0,1,0,3,upgrade_package,1
Male,23,1,1,short-term,email,2,123.788887988054,6027.687084909283,21.044490203844948,81.98367120798646,99.81938079403628,1,23.0,0.0,8b179442-fde5-11ec-bf37-0242ac1c0002,1,0,0,3,upgrade_package,1
Male,23,1,1,short-term,email,3,123.788887988054,7771.793317152296,21.044490203844948,69.32495239049034,87.438757669918,1,9.0,1.0,8b179528-fde5-11ec-bf37-0242ac1c0002,0,1,1,3,upgrade_package,1
Male,23,1,1,short-term,email,3,123.788887988054,5750.451099126236,21.044490203844948,54.73178413706335,74.89607412930691,1,23.0,0.0,8b17985c-fde5-11ec-bf37-0242ac1c0002,1,0,0,3,upgrade_package,1
Male,57,0,1,short-term,email,0,0.0,2948.0362523361305,0.0,18.437843239934736,36.66520203828957,1,1.0,1.0,8b17b918-fde5-11ec-bf37-0242ac1c0002,0,1,0,9,upgrade_package,1
Female,57,1,1,short-term,automatic transfer,1,123.788887988054,8066.263243387595,21.044490203844948,82.54554237670479,101.23823698347492,1,57.0,0.0,8b17bff8-fde5-11ec-bf37-0242ac1c0002,0,0,1,7,upgrade_package,1
Male,61,1,1,short-term,email,2,123.788887988054,8459.394893519215,21.044490203844948,81.68936450664448,99.3873778801348,1,31.0,1.0,8b17e4ba-fde5-11ec-bf37-0242ac1c0002,1,0,0,3,upgrade_package,1
Female,61,1,1,long-term,email,1,123.788887988054,6768.396039430461,21.044490203844948,78.03950214687431,96.96178043451802,1,60.0,1.0,8b1803a0-fde5-11ec-bf37-0242ac1c0002,0,0,1,0,upgrade_package,1
Female,14,1,1,short-term,email,2,123.788887988054,3769.9878364099022,21.044490203844948,38.7038197665074,57.9261263827031,1,14.0,0.0,8b181e62-fde5-11ec-bf37-0242ac1c0002,1,0,0,8,upgrade_package,1
Female,14,1,1,short-term,email,1,123.788887988054,5012.678962803131,21.044490203844948,58.24685755558653,77.00848355809174,1,14.0,0.0,8b1828b2-fde5-11ec-bf37-0242ac1c0002,1,0,0,7,upgrade_package,1
Female,14,1,1,short-term,mail,2,123.788887988054,6203.597206443037,21.044490203844948,51.711278491619055,62.13610910080111,1,5.0,1.0,8b182a24-fde5-11ec-bf37-0242ac1c0002,0,0,1,8,upgrade_package,1
Female,14,1,1,short-term,email,4,123.788887988054,8746.391774681255,21.044490203844948,69.27001986138036,83.10145229559625,1,14.0,0.0,8b182b78-fde5-11ec-bf37-0242ac1c0002,0,1,0,7,upgrade_package,1
Male,14,1,1,short-term,automatic transfer,1,123.788887988054,6678.503294022608,21.044490203844948,68.36026847301787,82.17934187114531,1,14.0,0.0,8b182f7e-fde5-11ec-bf37-0242ac1c0002,1,0,0,3,upgrade_package,1
Male,14,1,1,short-term,automatic transfer,4,123.788887988054,8102.061585632352,21.044490203844948,77.47561623372142,88.73868605598445,1,14.0,0.0,8b1830d2-fde5-11ec-bf37-0242ac1c0002,0,0,1,3,upgrade_package,1
Male,14,1,1,short-term,email,3,123.788887988054,7418.961640348289,21.044490203844948,78.82912798516458,94.02327869552838,1,9.0,1.0,8b18314a-fde5-11ec-bf37-0242ac1c0002,0,1,0,3,upgrade_package,1
Female,14,1,1,short-term,email,2,123.788887988054,5937.23284425146,21.044490203844948,68.10853291153711,83.81601640639354,1,14.0,0.0,8b1831b8-fde5-11ec-bf37-0242ac1c0002,0,0,1,7,upgrade_package,1
Female,20,1,1,short-term,email,2,123.788887988054,6490.355498248408,21.044490203844948,66.37718348217146,68.4272316313867,1,20.0,0.0,8b185a30-fde5-11ec-bf37-0242ac1c0002,0,0,1,7,upgrade_package,1
Female,20,1,1,short-term,automatic transfer,3,123.788887988054,8319.57894185299,21.044490203844948,75.60519399128057,92.65596351665468,1,20.0,0.0,8b185b16-fde5-11ec-bf37-0242ac1c0002,1,0,0,7,upgrade_package,1
Female,20,1,1,short-term,automatic transfer,5,123.788887988054,6434.183448706641,21.044490203844948,65.50457491583404,81.03259928841928,1,20.0,0.0,8b185cd8-fde5-11ec-bf37-0242ac1c0002,1,0,0,7,upgrade_package,1
Male,53,0,1,short-term,email,0,0.0,3463.354896655867,0.0,34.67143859100646,52.86203703703704,1,53.0,0.0,8b18747a-fde5-11ec-bf37-0242ac1c0002,1,0,0,9,upgrade_package,1
Male,53,1,1,short-term,automatic transfer,2,124.09094781659218,6288.220303168769,21.076215751898868,75.50726507409941,94.36527876000687,1,16.0,1.0,8b187984-fde5-11ec-bf37-0242ac1c0002,0,0,1,3,upgrade_package,1
Female,53,1,1,short-term,automatic transfer,2,118.21257641750732,5772.933900983831,20.087720274325083,67.904984097516,86.20083328141519,1,2.0,1.0,8b1879f2-fde5-11ec-bf37-0242ac1c0002,0,0,1,7,upgrade_package,1
Female,53,1,0,long-term,automatic transfer,2,117.4562415459742,0.0,19.96137779981296,0.0,19.15394582971808,1,53.0,0.0,8b189e14-fde5-11ec-bf37-0242ac1c0002,0,0,1,1,upgrade_package,1
Male,40,1,1,short-term,mail,4,123.788887988054,3120.8005599197927,21.044490203844948,29.97052600208896,49.628887513073394,1,9.0,1.0,8b18a5f8-fde5-11ec-bf37-0242ac1c0002,0,0,1,5,upgrade_package,1
Female,40,0,1,short-term,email,4,0.0,2401.1029136979214,0.0,23.860989619949308,42.589235036836016,1,40.0,0.0,8b18a666-fde5-11ec-bf37-0242ac1c0002,1,0,0,9,upgrade_package,1
Female,40,1,1,short-term,automatic transfer,4,123.788887988054,7542.958511321925,21.044490203844948,72.06612560017018,86.98054220871015,1,23.0,1.0,8b18b048-fde5-11ec-bf37-0242ac1c0002,1,0,0,7,upgrade_package,1
Female,40,1,1,long-term,automatic transfer,5,123.788887988054,9054.811242117035,21.044490203844948,78.15550979615506,99.0780487804878,1,40.0,0.0,8b18c506-fde5-11ec-bf37-0242ac1c0002,1,0,0,0,upgrade_package,1
Male,24,1,1,short-term,automatic transfer,3,123.788887988054,3276.432398645358,21.044490203844948,33.487128489444274,52.453311946320525,1,23.0,1.0,8b18fcce-fde5-11ec-bf37-0242ac1c0002,1,0,0,5,upgrade_package,1
Male,24,1,1,short-term,automatic transfer,3,123.788887988054,4669.509331954696,21.044490203844948,70.24466585525498,95.50217321615273,1,24.0,0.0,8b190c14-fde5-11ec-bf37-0242ac1c0002,1,0,0,3,upgrade_package,1
Male,24,1,1,short-term,automatic transfer,4,123.788887988054,8501.45473898536,21.044490203844948,68.31056598734504,77.04492604824412,1,24.0,0.0,8b190d04-fde5-11ec-bf37-0242ac1c0002,0,0,1,3,upgrade_package,1
Female,24,1,1,short-term,email,5,123.788887988054,9312.644110038198,21.044490203844948,78.44568676701896,97.96609169535006,1,23.0,1.0,8b190e62-fde5-11ec-bf37-0242ac1c0002,1,0,0,7,upgrade_package,1
Male,24,1,1,short-term,email,2,123.788887988054,8623.665198629804,21.044490203844948,71.693610918471,87.16514618662583,1,24.0,0.0,8b190eda-fde5-11ec-bf37-0242ac1c0002,1,0,0,3,upgrade_package,1
Male,24,1,1,short-term,email,5,123.788887988054,4540.705128085136,21.044490203844948,64.32696940675848,80.5105536853856,1,19.0,1.0,8b19102e-fde5-11ec-bf37-0242ac1c0002,1,0,0,3,upgrade_package,1
Male,24,1,1,short-term,email,3,123.788887988054,5450.264664215099,21.044490203844948,63.34723406560485,81.1713798432972,1,21.0,1.0,8b1914c0-fde5-11ec-bf37-0242ac1c0002,0,1,0,3,upgrade_package,1
Male,44,1,1,short-term,automatic transfer,1,123.788887988054,7926.835734685179,21.044490203844948,76.56875424686991,94.81683212765888,1,20.0,1.0,8b193950-fde5-11ec-bf37-0242ac1c0002,1,1,0,3,upgrade_package,1
Male,44,1,1,long-term,mail,2,123.788887988054,6861.162637478725,21.044490203844948,67.35550979615506,86.95333333333333,1,27.0,1.0,8b1946de-fde5-11ec-bf37-0242ac1c0002,0,0,1,2,upgrade_package,1
Male,19,1,1,short-term,email,1,123.788887988054,6732.72273334552,21.044490203844948,80.01746976825723,96.6040433650969,1,19.0,0.0,8b1973f2-fde5-11ec-bf37-0242ac1c0002,0,0,1,3,upgrade_package,1
Female,19,1,1,short-term,email,0,123.788887988054,8758.346786754882,21.044490203844948,84.72407106480311,99.4956662333892,1,19.0,0.0,8b19755a-fde5-11ec-bf37-0242ac1c0002,1,0,0,7,upgrade_package,1
Female,19,1,1,short-term,email,1,123.788887988054,6071.714668826529,21.044490203844948,71.28896048087711,92.90065155242222,1,16.0,1.0,8b197816-fde5-11ec-bf37-0242ac1c0002,1,0,0,7,upgrade_package,1
Female,19,1,1,short-term,email,0,123.788887988054,8231.473921859468,21.044490203844948,79.7061740593204,95.50492197078069,1,13.0,1.0,8b197938-fde5-11ec-bf37-0242ac1c0002,1,0,0,7,upgrade_package,1
Male,19,1,1,short-term,email,1,123.788887988054,4731.113728242299,21.044490203844948,72.96988588815779,80.82384860451114,1,19.0,0.0,8b197c3a-fde5-11ec-bf37-0242ac1c0002,1,0,0,3,upgrade_package,1
Male,54,1,1,short-term,email,0,123.788887988054,7524.664988815297,21.044490203844948,69.34502240032631,86.52285161115671,1,18.0,1.0,8b199fb2-fde5-11ec-bf37-0242ac1c0002,0,0,1,3,upgrade_package,1
Female,54,1,1,short-term,email,0,123.788887988054,7998.731558041188,21.044490203844948,85.40147305500584,103.73134799269418,1,42.0,1.0,8b19a110-fde5-11ec-bf37-0242ac1c0002,1,0,0,7,upgrade_package,1
Female,54,1,1,long-term,automatic transfer,0,123.788887988054,8314.34877222347,21.044490203844948,82.4304518335268,100.60599305710926,1,54.0,0.0,8b19b88a-fde5-11ec-bf37-0242ac1c0002,1,0,0,0,upgrade_package,1
Male,51,1,1,short-term,automatic transfer,3,123.788887988054,5443.064995173732,21.044490203844948,75.72528328793102,93.84013498578378,1,17.0,1.0,8b19cbfe-fde5-11ec-bf37-0242ac1c0002,1,0,0,3,upgrade_package,1
Male,51,1,1,short-term,automatic transfer,2,123.788887988054,6474.985922186919,21.044490203844948,68.78564474558182,86.67148076536299,1,46.0,1.0,8b19cd66-fde5-11ec-bf37-0242ac1c0002,1,0,0,3,upgrade_package,1
Male,51,0,1,long-term,email,1,0.0,5350.659100991749,0.0,38.25550979615505,57.97403846153846,1,51.0,0.0,8b19d7f2-fde5-11ec-bf37-0242ac1c0002,0,0,1,6,upgrade_package,1
Female,26,1,1,short-term,email,3,123.788887988054,7613.560336599413,21.044490203844948,68.20527054534496,84.3831119374015,1,26.0,0.0,8b1a06fa-fde5-11ec-bf37-0242ac1c0002,1,0,0,7,upgrade_package,1
Female,26,1,1,short-term,email,2,123.788887988054,7972.339424614056,21.044490203844948,70.58560707848895,87.23691905140564,1,26.0,0.0,8b1a08c6-fde5-11ec-bf37-0242ac1c0002,1,0,0,7,upgrade_package,1
Male,26,1,1,short-term,email,2,123.788887988054,8002.290122796061,21.044490203844948,80.63938465769415,97.45231770230512,1,26.0,0.0,8b1a0a1a-fde5-11ec-bf37-0242ac1c0002,0,0,1,3,upgrade_package,1
Female,26,1,1,short-term,automatic transfer,0,123.788887988054,6875.7456455803485,21.044490203844948,69.63640834450699,87.21799230903855,1,26.0,0.0,8b1a0c9a-fde5-11ec-bf37-0242ac1c0002,1,0,0,7,upgrade_package,1
Female,39,0,1,short-term,automatic transfer,5,0.0,1346.369330450374,0.0,20.26244491567995,39.3211717854978,1,1.0,1.0,8b1a2f40-fde5-11ec-bf37-0242ac1c0002,1,0,0,9,upgrade_package,1
Male,39,1,1,short-term,email,1,123.788887988054,6315.042042176966,21.044490203844948,67.74805202193457,89.57556926978909,1,9.0,1.0,8b1a3724-fde5-11ec-bf37-0242ac1c0002,0,0,1,3,upgrade_package,1
Male,39,1,1,short-term,mail,3,123.788887988054,5530.933194418437,21.044490203844948,67.34482661618765,87.32181887085292,1,12.0,1.0,8b1a3904-fde5-11ec-bf37-0242ac1c0002,1,0,0,3,upgrade_package,1
